Customer_ID,Age,Income,Loan_Amount,Credit_Score,Loan_Term (months),Default_Status
CUST00001,59,117788,111877,624,24,No
CUST00002,49,103929,177160,671,24,No
CUST00003,35,135704,59697,652,24,No
CUST00004,63,46547,26934,772,48,No
CUST00005,28,57114,16894,689,36,No
CUST00006,41,25268,23312,805,60,No
CUST00007,59,97188,66150,720,24,No
CUST00008,39,29563,47252,694,60,No
CUST00009,43,55123,65467,686,48,No
CUST00010,31,30516,36675,737,36,No
CUST00011,31,38361,41217,547,12,No
CUST00012,44,34304,13460,683,24,No
CUST00013,56,38034,35744,672,60,No
CUST00014,60,39229,70582,732,36,No
CUST00015,44,39068,60345,664,36,No
CUST00016,23,72750,118936,607,24,No
CUST00017,42,30412,46409,677,60,No
CUST00018,22,55217,22623,600,24,No
CUST00019,44,86497,52118,543,36,No
CUST00020,64,39689,10114,732,36,No
CUST00021,50,36196,26077,721,36,No
CUST00022,58,45073,18856,714,36,No
CUST00023,22,85021,83561,785,36,No
CUST00024,41,54564,70909,631,60,No
CUST00025,53,39369,63206,571,60,Yes
CUST00026,32,62163,87730,677,48,No
CUST00027,42,30447,51906,650,24,Yes
CUST00028,64,67941,22661,620,48,Yes
CUST00029,45,60093,16158,676,24,No
CUST00030,47,43533,55508,633,24,No
CUST00031,62,34283,23947,539,60,No
CUST00032,48,33549,21570,644,60,No
CUST00033,36,63605,48523,597,36,No
CUST00034,35,86927,58083,705,60,No
CUST00035,64,37534,39138,628,60,No
CUST00036,23,61454,57289,766,36,No
CUST00037,57,19548,20413,794,36,No
CUST00038,27,38434,49684,729,48,No
CUST00039,41,49306,41913,564,24,No
CUST00040,29,33204,21235,790,24,No
CUST00041,59,32805,16652,795,48,No
CUST00042,38,37022,29310,679,36,No
CUST00043,24,57026,79825,781,24,No
CUST00044,45,45958,65393,638,36,No
CUST00045,34,18262,23443,534,36,No
CUST00046,29,19254,11798,617,60,No
CUST00047,46,38051,44198,807,48,No
CUST00048,22,61435,69702,570,36,No
CUST00049,40,18000,18011,674,60,No
CUST00050,48,39931,44023,681,60,No
CUST00051,27,39457,39941,639,36,No
CUST00052,64,93389,105199,655,60,No
CUST00053,28,42046,57142,684,36,No
CUST00054,55,59404,24945,640,24,No
CUST00055,34,53281,75229,574,24,No
CUST00056,37,19168,8829,690,48,Yes
CUST00057,56,70648,24958,765,36,No
CUST00058,60,55089,97118,746,48,No
CUST00059,24,62850,108940,622,48,No
CUST00060,22,180000,61862,612,12,No
CUST00061,26,19573,18341,653,12,No
CUST00062,62,108651,58528,809,36,No
CUST00063,24,43933,44033,727,24,No
CUST00064,49,56901,87444,734,36,No
CUST00065,38,48986,84425,747,36,No
CUST00066,46,41310,50939,710,36,No
CUST00067,64,38691,30897,687,36,No
CUST00068,54,57992,68729,731,36,No
CUST00069,30,25262,18532,634,60,No
CUST00070,56,70090,116365,578,60,No
CUST00071,34,41460,66300,733,60,No
CUST00072,51,30069,33535,769,36,Yes
CUST00073,35,40834,30766,594,24,No
CUST00074,28,88036,62044,749,48,No
CUST00075,34,39296,11859,804,60,No
CUST00076,43,58752,88981,682,24,No
CUST00077,60,35985,34117,616,24,No
CUST00078,41,70322,53020,693,24,No
CUST00079,36,68068,66722,642,48,No
CUST00080,65,114881,174509,647,36,Yes
CUST00081,38,46202,20475,712,12,No
CUST00082,44,67553,106691,563,60,No
CUST00083,46,52256,85759,572,36,No
CUST00084,45,89583,153850,689,36,No
CUST00085,65,36182,31337,676,36,No
CUST00086,61,69915,41010,710,24,No
CUST00087,49,45806,37980,820,36,No
CUST00088,35,48576,37210,688,36,No
CUST00089,65,52108,27254,725,36,No
CUST00090,21,56010,66723,608,48,No
CUST00091,45,47452,46919,737,48,No
CUST00092,27,55072,87666,642,24,No
CUST00093,29,101715,30491,696,36,Yes
CUST00094,44,77904,97224,677,60,No
CUST00095,21,73932,105913,762,12,No
CUST00096,64,40733,58134,580,12,No
CUST00097,28,33511,54402,505,36,Yes
CUST00098,44,76854,106059,669,36,No
CUST00099,31,74161,125192,720,24,No
CUST00100,37,97001,74266,701,48,No
CUST00101,28,38101,39243,770,36,No
CUST00102,55,45093,12257,712,60,Yes
CUST00103,55,23909,6235,632,24,No
CUST00104,53,41905,26073,504,48,No
CUST00105,25,78295,31807,668,12,No
CUST00106,62,40532,26481,755,36,No
CUST00107,59,66702,34980,654,36,No
CUST00108,61,45892,13502,681,36,No
CUST00109,48,57850,95998,713,60,No
CUST00110,27,29831,7838,600,12,No
CUST00111,29,51954,72264,727,36,No
CUST00112,28,18000,8745,796,24,No
CUST00113,32,45967,76487,666,48,No
CUST00114,54,24006,39222,590,12,No
CUST00115,53,86032,108705,682,60,No
CUST00116,43,70942,91654,517,60,No
CUST00117,44,61684,15931,708,60,No
CUST00118,57,99134,176117,724,24,No
CUST00119,55,32623,52544,802,36,No
CUST00120,64,109764,179729,677,12,No
CUST00121,60,76059,96734,716,60,No
CUST00122,42,44951,35260,614,48,No
CUST00123,47,83350,136290,660,36,No
CUST00124,55,30392,21331,562,48,No
CUST00125,21,34501,38717,662,12,No
CUST00126,55,38022,15383,655,36,No
CUST00127,57,39409,66169,700,24,No
CUST00128,34,31080,14551,629,60,No
CUST00129,23,86696,51895,694,60,No
CUST00130,21,44502,49625,654,48,No
CUST00131,25,58595,84045,657,60,No
CUST00132,46,38682,46805,684,36,No
CUST00133,34,22038,13439,677,60,No
CUST00134,59,56461,14198,738,36,Yes
CUST00135,47,21147,30105,665,48,No
CUST00136,29,48479,86151,653,48,Yes
CUST00137,35,27012,40663,662,12,No
CUST00138,35,122278,117793,641,36,No
CUST00139,46,75349,124389,658,12,Yes
CUST00140,62,52437,46421,833,60,No
CUST00141,33,88296,93916,619,24,No
CUST00142,52,34164,33807,656,36,No
CUST00143,59,63853,60266,654,48,No
CUST00144,52,54704,79405,662,24,No
CUST00145,24,56308,60052,656,36,No
CUST00146,50,88640,65674,709,36,No
CUST00147,57,69522,45199,556,24,No
CUST00148,43,56937,17566,759,48,No
CUST00149,59,23744,27399,722,24,No
CUST00150,65,32460,19685,583,24,No
CUST00151,35,47314,22692,509,36,Yes
CUST00152,63,52146,65883,607,36,No
CUST00153,49,30067,39264,658,60,No
CUST00154,56,148010,209558,850,60,Yes
CUST00155,33,98929,101951,731,36,No
CUST00156,52,65561,107244,548,36,Yes
CUST00157,27,51647,87869,629,36,No
CUST00158,42,45446,68234,675,24,No
CUST00159,48,32579,40241,696,36,No
CUST00160,22,51774,37317,582,60,No
CUST00161,62,56149,99584,671,36,No
CUST00162,65,28595,19299,622,24,No
CUST00163,26,58114,32783,599,36,No
CUST00164,48,46626,43611,699,12,No
CUST00165,48,21190,7164,732,48,No
CUST00166,64,33949,59977,740,36,No
CUST00167,64,41509,48236,721,36,No
CUST00168,40,116919,130163,656,36,No
CUST00169,50,64230,81346,736,60,No
CUST00170,31,27414,27973,699,12,No
CUST00171,48,62224,18648,692,60,No
CUST00172,45,24922,29884,629,36,No
CUST00173,59,81388,110693,649,60,No
CUST00174,53,40448,36240,684,48,No
CUST00175,21,47937,68253,850,24,No
CUST00176,47,90797,54646,711,60,No
CUST00177,33,28017,16613,630,48,No
CUST00178,61,26664,13337,613,12,No
CUST00179,23,38452,31784,641,24,No
CUST00180,59,79782,124689,849,36,No
CUST00181,26,25237,38695,645,48,No
CUST00182,28,18000,15181,742,48,No
CUST00183,47,40813,47471,650,48,No
CUST00184,29,64091,87629,702,48,Yes
CUST00185,57,85810,53534,747,48,No
CUST00186,53,40593,20728,635,36,No
CUST00187,62,41549,72991,630,24,No
CUST00188,64,84039,101453,811,60,No
CUST00189,44,21556,38180,748,12,No
CUST00190,35,41980,32472,738,36,No
CUST00191,52,54473,72977,740,48,No
CUST00192,52,61201,36417,717,36,No
CUST00193,44,39750,26031,829,12,No
CUST00194,61,50781,52987,683,12,No
CUST00195,32,18000,13417,717,36,No
CUST00196,59,37181,18955,569,60,No
CUST00197,22,61320,40316,620,36,No
CUST00198,23,32136,9815,586,36,No
CUST00199,57,51345,68898,776,36,No
CUST00200,37,61137,61918,491,24,No
CUST00201,22,42857,16975,648,12,No
CUST00202,22,53986,27864,456,24,No
CUST00203,48,32421,13258,614,36,No
CUST00204,43,45561,54651,642,24,No
CUST00205,57,65800,26059,787,12,No
CUST00206,52,53660,76151,710,48,No
CUST00207,53,38401,10821,615,60,No
CUST00208,21,55308,35205,761,60,No
CUST00209,39,68965,112450,685,36,No
CUST00210,22,19877,27107,677,12,No
CUST00211,64,84235,30586,597,48,No
CUST00212,46,42979,65446,604,24,No
CUST00213,52,60551,61411,620,48,No
CUST00214,26,85694,133898,691,48,No
CUST00215,52,26971,31857,681,48,Yes
CUST00216,24,36335,47484,793,60,No
CUST00217,31,43911,78598,708,48,No
CUST00218,37,35140,21440,474,48,No
CUST00219,58,109152,132851,712,24,No
CUST00220,44,34004,32763,568,60,Yes
CUST00221,25,38940,12116,605,24,No
CUST00222,54,54817,14934,620,60,No
CUST00223,26,29109,12657,626,36,No
CUST00224,42,41845,52561,575,24,No
CUST00225,31,57678,65124,697,60,No
CUST00226,36,43045,47686,573,12,No
CUST00227,53,47942,14353,706,60,No
CUST00228,29,39402,38512,846,24,No
CUST00229,26,25293,42572,575,60,No
CUST00230,36,57786,50058,660,48,No
CUST00231,49,110139,134219,503,48,No
CUST00232,23,50416,73543,658,36,No
CUST00233,40,55334,81069,729,12,Yes
CUST00234,56,68289,72037,738,60,No
CUST00235,39,28242,44617,681,24,No
CUST00236,46,107571,92149,758,36,No
CUST00237,23,54766,89130,850,36,No
CUST00238,39,104205,64852,819,36,No
CUST00239,40,35951,24603,638,24,No
CUST00240,52,113313,37658,584,24,No
CUST00241,27,70870,105111,654,24,No
CUST00242,61,64129,57488,612,60,No
CUST00243,53,55553,33617,715,12,Yes
CUST00244,60,44709,27240,590,60,No
CUST00245,59,85821,141362,682,24,No
CUST00246,38,53260,82157,744,24,Yes
CUST00247,60,20632,22860,667,36,No
CUST00248,21,30244,36443,605,12,No
CUST00249,31,45989,45309,767,36,No
CUST00250,48,57485,49269,541,60,No
CUST00251,45,48743,81352,655,12,No
CUST00252,43,86536,38483,684,48,No
CUST00253,51,20781,18674,675,36,Yes
CUST00254,50,53337,41820,694,24,No
CUST00255,62,22064,22552,720,24,No
CUST00256,55,70379,67517,681,60,No
CUST00257,27,47919,50520,652,24,No
CUST00258,36,60391,28195,652,60,No
CUST00259,46,33895,35433,631,36,No
CUST00260,22,88924,55644,747,12,No
CUST00261,21,79902,42805,637,36,No
CUST00262,32,65015,22787,747,60,No
CUST00263,25,47169,67551,681,48,No
CUST00264,57,64907,59230,644,36,No
CUST00265,52,36376,44426,724,60,No
CUST00266,29,73481,101240,630,24,No
CUST00267,61,105035,136854,739,60,No
CUST00268,55,80947,79269,702,60,No
CUST00269,39,36007,30651,632,48,No
CUST00270,36,58831,48991,721,60,No
CUST00271,23,27941,34705,717,36,No
CUST00272,40,64689,65784,770,48,No
CUST00273,44,61240,95911,755,36,No
CUST00274,53,21555,34613,711,36,No
CUST00275,44,29643,15247,591,36,Yes
CUST00276,31,44019,20300,850,24,Yes
CUST00277,28,43669,53587,573,36,No
CUST00278,56,29013,20799,747,24,No
CUST00279,58,59565,16606,714,24,No
CUST00280,60,55991,91120,593,36,No
CUST00281,40,45815,27567,670,60,Yes
CUST00282,55,35585,60152,671,36,No
CUST00283,45,80153,109170,784,48,No
CUST00284,55,105315,150823,638,24,No
CUST00285,45,40222,22615,658,36,No
CUST00286,49,37961,23270,502,24,No
CUST00287,38,62369,65984,813,24,No
CUST00288,38,42560,21993,598,36,No
CUST00289,22,46960,33972,704,36,No
CUST00290,55,69746,52189,676,24,No
CUST00291,36,21175,10533,667,36,No
CUST00292,61,90492,51402,749,60,No
CUST00293,56,51662,76060,806,24,Yes
CUST00294,53,41548,21154,697,12,No
CUST00295,24,48032,14127,729,48,No
CUST00296,53,49162,60248,704,12,No
CUST00297,34,22942,40442,751,60,No
CUST00298,41,97978,74795,655,36,No
CUST00299,40,50939,22103,761,36,No
CUST00300,28,61031,69215,765,36,No
CUST00301,27,76724,126967,767,36,No
CUST00302,23,31579,46273,627,12,No
CUST00303,37,61873,75169,670,60,No
CUST00304,53,44327,32728,697,36,No
CUST00305,32,73191,79772,582,24,No
CUST00306,42,19197,7514,793,36,No
CUST00307,42,47819,62278,679,24,No
CUST00308,50,38121,52374,699,12,No
CUST00309,58,60736,106033,639,36,No
CUST00310,58,61778,40379,583,36,No
CUST00311,65,36364,10131,632,36,No
CUST00312,28,36290,39763,694,24,No
CUST00313,47,47571,64008,730,36,No
CUST00314,47,33399,49268,689,12,No
CUST00315,54,73033,40190,711,36,No
CUST00316,41,42346,27767,653,36,No
CUST00317,50,18000,18801,711,48,Yes
CUST00318,53,42239,32204,790,60,No
CUST00319,48,31333,49625,729,60,No
CUST00320,53,23997,23621,736,60,No
CUST00321,25,28651,42671,698,60,No
CUST00322,39,52523,60399,568,48,No
CUST00323,24,90914,131670,610,60,No
CUST00324,55,57567,44076,716,60,No
CUST00325,37,38057,58558,677,48,No
CUST00326,64,61386,41472,715,12,No
CUST00327,48,40668,44591,804,12,No
CUST00328,50,36578,21278,732,60,No
CUST00329,49,29742,29357,770,36,No
CUST00330,26,22730,16892,682,60,No
CUST00331,55,41953,27831,618,36,No
CUST00332,61,53686,93888,676,36,No
CUST00333,57,47873,23846,619,48,No
CUST00334,44,41465,60968,795,60,Yes
CUST00335,49,32669,58002,736,12,No
CUST00336,51,65742,18463,722,60,No
CUST00337,55,27641,36859,768,48,Yes
CUST00338,53,70898,45517,533,36,No
CUST00339,41,31850,9961,720,36,No
CUST00340,52,35639,31166,579,12,Yes
CUST00341,43,25841,43919,675,12,No
CUST00342,53,39901,10703,655,36,No
CUST00343,23,77549,90052,735,12,No
CUST00344,38,63058,64771,700,24,No
CUST00345,45,77658,124544,786,60,No
CUST00346,62,63243,24045,638,36,No
CUST00347,51,30428,39750,729,36,No
CUST00348,23,43085,56190,691,24,No
CUST00349,60,35196,45300,554,60,No
CUST00350,44,90993,155654,619,60,No
CUST00351,52,29180,44522,665,36,Yes
CUST00352,42,74753,23552,768,60,Yes
CUST00353,43,74728,73247,720,60,No
CUST00354,22,113904,98735,605,48,No
CUST00355,47,41582,30385,668,48,No
CUST00356,62,68894,65420,835,24,No
CUST00357,22,139598,118030,706,24,No
CUST00358,46,37867,34842,653,12,No
CUST00359,37,25060,44302,712,12,No
CUST00360,60,21456,8312,732,24,Yes
CUST00361,53,68906,115725,650,60,No
CUST00362,29,21426,21305,712,24,No
CUST00363,63,42287,51455,654,60,No
CUST00364,59,60874,93550,736,36,No
CUST00365,49,54345,43950,694,24,No
CUST00366,62,60550,55534,718,36,No
CUST00367,46,55260,48891,624,24,No
CUST00368,55,88900,73861,626,60,No
CUST00369,45,32573,54872,747,60,No
CUST00370,44,36869,56588,671,12,No
CUST00371,33,35316,14796,698,60,No
CUST00372,27,72647,30337,662,48,No
CUST00373,56,74979,68471,752,12,No
CUST00374,65,61257,24682,637,48,No
CUST00375,40,85165,103015,677,36,No
CUST00376,21,29427,13911,735,24,No
CUST00377,28,105877,112196,779,48,No
CUST00378,36,99234,25919,651,12,No
CUST00379,34,69620,51569,831,36,No
CUST00380,32,111479,144883,716,12,No
CUST00381,43,23725,23731,597,60,No
CUST00382,35,39489,69750,706,48,No
CUST00383,48,35914,57637,648,24,No
CUST00384,54,69178,55796,716,36,No
CUST00385,22,31170,9990,673,24,No
CUST00386,52,70309,109733,690,48,No
CUST00387,43,92644,154013,620,12,No
CUST00388,42,68365,104050,758,60,No
CUST00389,45,56810,25469,595,60,No
CUST00390,42,32056,57597,593,48,No
CUST00391,42,34156,22229,704,24,No
CUST00392,62,87738,120422,808,36,No
CUST00393,26,71004,117686,658,36,Yes
CUST00394,35,49130,30230,732,36,No
CUST00395,63,41428,68679,759,48,No
CUST00396,57,20094,14663,735,36,No
CUST00397,53,30881,54457,653,36,No
CUST00398,28,118174,81062,612,60,Yes
CUST00399,64,28101,48554,510,12,No
CUST00400,64,54450,18132,661,36,Yes
CUST00401,25,78679,106167,774,48,No
CUST00402,59,28426,30551,591,12,No
CUST00403,24,54334,53829,733,48,No
CUST00404,26,76255,45480,614,60,No
CUST00405,65,50282,67563,688,48,No
CUST00406,52,180000,98236,759,12,No
CUST00407,50,23598,26121,625,24,No
CUST00408,55,80516,51734,699,36,No
CUST00409,60,46259,80084,648,24,No
CUST00410,36,70767,20832,737,60,No
CUST00411,33,60984,34125,700,48,No
CUST00412,62,35949,22489,681,24,No
CUST00413,50,55427,49430,798,60,No
CUST00414,39,21671,13235,724,48,Yes
CUST00415,37,65594,66354,631,24,No
CUST00416,39,57179,91619,675,36,Yes
CUST00417,48,66648,90221,678,24,No
CUST00418,46,80493,92482,692,60,No
CUST00419,57,58995,22887,850,36,Yes
CUST00420,46,53446,70853,709,60,Yes
CUST00421,43,33634,17084,524,36,Yes
CUST00422,29,36289,53304,637,60,No
CUST00423,32,85290,54380,542,12,No
CUST00424,21,95428,85544,664,60,No
CUST00425,21,44920,35632,530,60,No
CUST00426,54,51046,80712,615,36,No
CUST00427,52,33280,14848,563,48,Yes
CUST00428,45,84755,95498,716,48,No
CUST00429,60,67455,31717,684,60,No
CUST00430,65,119770,160783,717,36,No
CUST00431,21,33676,55662,669,36,No
CUST00432,36,42179,38958,574,60,No
CUST00433,59,55488,55851,720,48,No
CUST00434,25,66883,112865,828,36,No
CUST00435,42,45376,47987,710,60,No
CUST00436,49,33757,33952,645,12,No
CUST00437,23,74341,85225,578,48,No
CUST00438,32,69168,91185,616,24,No
CUST00439,46,33106,13761,711,24,No
CUST00440,36,92017,140116,769,36,No
CUST00441,57,84657,78311,706,36,No
CUST00442,42,53115,19235,741,36,No
CUST00443,49,51823,76106,733,36,No
CUST00444,34,64158,53525,721,36,No
CUST00445,48,33929,13761,627,24,No
CUST00446,25,50680,62456,693,48,No
CUST00447,50,18981,30639,610,36,No
CUST00448,25,74175,120610,686,36,No
CUST00449,32,24763,42948,700,36,No
CUST00450,36,98353,156867,816,60,No
CUST00451,46,43098,10918,580,48,No
CUST00452,46,45457,38155,715,12,No
CUST00453,41,37696,57250,789,60,No
CUST00454,59,43922,35915,736,60,No
CUST00455,56,94667,111934,751,36,No
CUST00456,53,18000,21416,718,60,No
CUST00457,50,88824,72462,785,36,No
CUST00458,57,58214,96166,600,36,No
CUST00459,43,29045,29916,572,36,No
CUST00460,30,30819,29907,676,48,No
CUST00461,25,106314,190955,529,24,No
CUST00462,56,32673,33161,769,24,No
CUST00463,54,29756,15667,768,12,No
CUST00464,51,83414,87189,654,24,Yes
CUST00465,30,58228,88025,654,36,No
CUST00466,39,32785,47674,671,36,No
CUST00467,52,55120,81153,685,24,No
CUST00468,21,31514,42463,686,60,No
CUST00469,25,82055,52847,728,24,No
CUST00470,65,80611,127868,673,36,No
CUST00471,24,63525,103853,753,24,No
CUST00472,36,58837,32415,715,24,No
CUST00473,44,110449,49946,647,12,No
CUST00474,36,49993,88097,780,36,No
CUST00475,22,29376,46881,574,48,No
CUST00476,48,61209,100047,675,24,No
CUST00477,52,127835,207589,768,36,No
CUST00478,47,31670,34508,622,12,No
CUST00479,40,42494,53199,702,60,No
CUST00480,44,60306,66054,723,48,No
CUST00481,32,48802,16074,615,12,No
CUST00482,55,32136,45168,671,36,No
CUST00483,53,82836,85592,675,60,No
CUST00484,53,142030,178098,657,36,No
CUST00485,63,54614,56203,850,36,No
CUST00486,57,33288,33698,619,36,No
CUST00487,32,24903,12857,750,36,No
CUST00488,23,56155,38298,652,60,No
CUST00489,21,82168,40774,605,60,No
CUST00490,53,61920,34259,690,48,No
CUST00491,60,49946,87811,729,36,No
CUST00492,30,38354,18691,747,36,No
CUST00493,63,30586,20412,793,36,No
CUST00494,64,72796,84837,850,60,No
CUST00495,49,75431,90199,704,48,No
CUST00496,33,24939,12187,625,36,No
CUST00497,32,102253,151361,724,12,No
CUST00498,51,64738,94975,663,36,No
CUST00499,22,93863,57993,758,60,No
CUST00500,55,27332,19062,578,36,No
CUST00501,43,27042,46076,850,24,No
CUST00502,37,46758,71530,744,12,No
CUST00503,46,62695,83484,556,36,No
CUST00504,28,112211,42355,639,60,No
CUST00505,49,68701,61715,745,60,No
CUST00506,46,44827,50068,767,60,Yes
CUST00507,30,31505,17028,581,48,No
CUST00508,46,86967,82162,741,36,No
CUST00509,54,32392,38274,530,36,No
CUST00510,61,104046,78808,684,36,No
CUST00511,27,43994,64252,762,48,No
CUST00512,24,102287,158821,649,36,No
CUST00513,65,67866,51008,571,48,No
CUST00514,31,47011,72863,690,24,No
CUST00515,49,39579,16249,633,24,No
CUST00516,56,42889,66413,726,60,No
CUST00517,45,60629,29512,616,60,No
CUST00518,41,51767,19596,622,36,No
CUST00519,56,38275,47643,526,12,No
CUST00520,30,46409,45551,692,60,No
CUST00521,57,51800,85845,668,48,No
CUST00522,29,19184,15596,585,36,No
CUST00523,44,61448,42712,697,36,No
CUST00524,55,32174,33015,753,36,No
CUST00525,55,29756,28468,660,36,No
CUST00526,56,23400,18342,695,60,No
CUST00527,38,22304,29559,695,24,No
CUST00528,59,27169,38779,585,24,No
CUST00529,52,36342,57134,832,12,No
CUST00530,44,120420,211690,659,36,No
CUST00531,43,39464,26177,727,24,Yes
CUST00532,52,54164,73660,739,24,No
CUST00533,57,59874,51558,672,12,No
CUST00534,32,53038,68922,726,24,No
CUST00535,33,48288,47698,698,36,No
CUST00536,43,29199,52276,570,12,Yes
CUST00537,45,96057,132539,664,36,No
CUST00538,55,112760,194665,647,36,Yes
CUST00539,61,23449,36210,640,12,No
CUST00540,50,31539,52023,579,36,Yes
CUST00541,37,44085,66672,763,60,No
CUST00542,40,32394,31153,797,60,No
CUST00543,45,62784,40199,756,12,No
CUST00544,42,36028,29687,772,48,No
CUST00545,33,132462,37270,671,36,No
CUST00546,39,85436,90749,639,12,Yes
CUST00547,56,55019,56826,623,24,No
CUST00548,32,79374,84465,734,36,Yes
CUST00549,61,82243,144727,703,36,Yes
CUST00550,39,38793,64503,672,48,Yes
CUST00551,32,34630,17338,774,48,No
CUST00552,29,51789,42559,711,24,No
CUST00553,27,73682,66839,622,36,No
CUST00554,48,53229,43053,630,36,No
CUST00555,34,24591,36583,726,36,No
CUST00556,51,34840,37009,755,60,No
CUST00557,39,48363,54977,721,48,No
CUST00558,36,48326,75977,822,60,No
CUST00559,25,121470,182106,817,48,No
CUST00560,55,26798,12191,708,36,No
CUST00561,32,62774,85157,620,36,No
CUST00562,45,97722,90386,591,36,No
CUST00563,41,138959,98203,669,36,No
CUST00564,56,41681,13652,735,60,No
CUST00565,43,62375,62702,819,36,No
CUST00566,36,64613,51750,714,24,Yes
CUST00567,59,54598,34934,769,48,No
CUST00568,65,47825,63451,661,60,Yes
CUST00569,62,60838,87771,729,36,No
CUST00570,59,18000,11330,735,48,No
CUST00571,34,67962,22199,535,12,No
CUST00572,51,52921,82851,650,36,Yes
CUST00573,25,45237,12008,750,12,No
CUST00574,55,125601,213839,716,12,No
CUST00575,43,36903,45125,588,36,No
CUST00576,49,41706,31232,496,36,No
CUST00577,63,122514,77434,667,48,No
CUST00578,31,34384,9076,672,60,No
CUST00579,38,39035,24006,612,24,No
CUST00580,32,46799,21690,690,48,No
CUST00581,29,72992,87507,723,36,No
CUST00582,30,54901,27898,731,24,No
CUST00583,64,27948,29887,499,48,No
CUST00584,37,39352,45833,579,36,No
CUST00585,58,38043,27085,655,36,No
CUST00586,27,48292,14698,723,60,Yes
CUST00587,33,60561,18637,719,36,No
CUST00588,60,60353,17553,717,60,No
CUST00589,62,22484,31380,646,36,No
CUST00590,29,80705,59957,662,24,Yes
CUST00591,47,56018,83146,627,36,No
CUST00592,22,93229,85695,746,24,No
CUST00593,25,61063,58141,613,36,No
CUST00594,49,82074,85765,750,48,No
CUST00595,57,61681,83590,698,36,No
CUST00596,58,91636,61756,685,12,No
CUST00597,39,63246,27731,633,36,Yes
CUST00598,28,47845,53198,578,12,No
CUST00599,65,139020,105212,649,48,No
CUST00600,21,74596,69812,660,48,No
CUST00601,42,64729,81090,505,60,No
CUST00602,37,28154,28602,661,24,No
CUST00603,27,28002,33923,745,36,No
CUST00604,45,57040,62374,724,36,No
CUST00605,65,53384,74561,643,60,No
CUST00606,24,37927,50982,681,36,Yes
CUST00607,56,53275,57430,639,24,No
CUST00608,26,102197,133091,702,36,No
CUST00609,51,68371,109668,799,48,No
CUST00610,39,29921,27528,749,48,No
CUST00611,64,47553,42312,719,60,No
CUST00612,59,34806,49932,640,24,No
CUST00613,47,41995,48418,735,60,No
CUST00614,30,41508,14945,552,12,No
CUST00615,46,40329,65848,659,60,No
CUST00616,39,28423,8462,719,60,No
CUST00617,59,47209,66565,735,48,Yes
CUST00618,23,38852,55408,728,48,Yes
CUST00619,65,18000,31092,696,12,Yes
CUST00620,33,125947,42055,681,12,No
CUST00621,48,81611,95903,727,24,No
CUST00622,40,42211,38545,607,12,No
CUST00623,48,50425,38448,617,36,No
CUST00624,28,29511,11509,681,24,No
CUST00625,61,107243,120339,704,60,No
CUST00626,59,117425,116546,557,36,No
CUST00627,21,53653,22108,715,48,No
CUST00628,23,79250,95049,744,48,No
CUST00629,33,54104,75412,675,36,No
CUST00630,48,27399,39435,850,24,No
CUST00631,45,41542,68683,627,36,No
CUST00632,53,53058,46939,654,48,No
CUST00633,58,40751,70388,649,36,No
CUST00634,26,45315,72115,673,24,No
CUST00635,64,47985,34049,655,60,No
CUST00636,65,48213,23956,574,12,No
CUST00637,52,51190,47343,639,48,No
CUST00638,65,31024,27082,669,36,No
CUST00639,41,36211,41366,769,48,No
CUST00640,36,28049,32376,841,60,No
CUST00641,41,77637,109661,786,48,No
CUST00642,31,19385,20167,616,36,No
CUST00643,57,84027,34659,635,24,No
CUST00644,56,93306,147456,677,60,No
CUST00645,55,43643,31865,813,36,No
CUST00646,39,18000,31599,661,12,No
CUST00647,40,42497,18388,579,48,No
CUST00648,38,48577,84295,642,24,Yes
CUST00649,61,31730,12409,733,12,No
CUST00650,34,39653,24113,730,60,No
CUST00651,35,99545,32073,675,36,No
CUST00652,51,67440,90567,735,24,No
CUST00653,21,32982,51715,506,48,No
CUST00654,23,24364,22483,683,60,Yes
CUST00655,36,43158,72903,743,12,No
CUST00656,43,45421,52914,617,48,Yes
CUST00657,31,62509,76668,620,48,Yes
CUST00658,32,39296,61317,538,24,No
CUST00659,30,62941,44691,802,36,No
CUST00660,52,119443,95448,640,12,No
CUST00661,36,72168,119382,703,48,No
CUST00662,28,48930,80563,725,60,No
CUST00663,58,46044,81201,793,24,No
CUST00664,32,42586,70175,667,60,No
CUST00665,44,85056,38056,647,48,No
CUST00666,48,37703,57564,691,36,No
CUST00667,28,51028,45173,777,48,No
CUST00668,48,51165,91367,667,12,No
CUST00669,56,39894,39177,606,60,No
CUST00670,46,26962,29886,560,36,Yes
CUST00671,28,57822,61936,590,36,Yes
CUST00672,48,48646,36421,745,48,No
CUST00673,48,62623,22938,658,36,Yes
CUST00674,57,39327,64428,632,60,No
CUST00675,61,86608,129405,634,36,No
CUST00676,56,33699,15713,683,60,No
CUST00677,47,108033,157079,674,36,No
CUST00678,37,22773,27784,654,24,No
CUST00679,29,60805,53762,783,60,No
CUST00680,53,61928,39865,798,48,No
CUST00681,40,34954,55317,556,48,No
CUST00682,33,60522,80815,707,60,No
CUST00683,48,88926,97729,630,12,No
CUST00684,49,18439,22031,655,36,No
CUST00685,33,62694,24523,706,24,No
CUST00686,55,18000,17722,658,36,No
CUST00687,26,32378,17816,694,60,No
CUST00688,38,104079,59637,741,60,No
CUST00689,25,38483,49067,700,36,No
CUST00690,45,29482,49012,627,48,No
CUST00691,22,45739,40059,632,60,No
CUST00692,30,126796,72529,587,48,No
CUST00693,50,21928,27532,610,24,No
CUST00694,65,31154,49857,823,36,No
CUST00695,25,98088,138294,630,60,No
CUST00696,53,115352,184168,604,60,No
CUST00697,21,47726,51623,704,36,No
CUST00698,38,28630,40523,667,60,No
CUST00699,52,128400,59976,681,24,No
CUST00700,31,102465,80929,796,24,No
CUST00701,41,67867,57945,725,60,No
CUST00702,46,34690,36165,637,24,No
CUST00703,45,48909,82660,648,24,Yes
CUST00704,42,46519,74670,642,36,No
CUST00705,47,58027,26606,747,36,Yes
CUST00706,33,96060,49742,666,36,No
CUST00707,53,74274,59742,550,24,Yes
CUST00708,54,30790,21573,673,60,No
CUST00709,61,92893,111741,573,60,No
CUST00710,55,57566,94944,845,36,Yes
CUST00711,21,68115,118626,611,36,No
CUST00712,41,96734,122183,677,48,No
CUST00713,26,30320,46970,695,48,No
CUST00714,48,49200,52352,658,36,Yes
CUST00715,37,39365,22552,656,36,No
CUST00716,25,24692,26254,707,36,No
CUST00717,51,58442,64893,796,24,No
CUST00718,25,154814,216865,759,36,No
CUST00719,58,21845,12906,785,48,No
CUST00720,23,49279,40452,601,48,No
CUST00721,43,66704,54313,707,48,No
CUST00722,57,52847,91802,692,36,Yes
CUST00723,57,47518,44577,706,48,No
CUST00724,30,27865,39579,779,12,Yes
CUST00725,30,55522,78495,665,36,No
CUST00726,39,35569,23532,647,48,No
CUST00727,37,18663,21209,714,36,No
CUST00728,41,85592,140043,554,36,Yes
CUST00729,34,76961,75926,668,36,No
CUST00730,29,51176,87763,670,60,No
CUST00731,21,55429,32282,612,36,No
CUST00732,65,81082,29591,765,48,No
CUST00733,33,55311,90254,601,60,No
CUST00734,24,75101,117451,675,48,No
CUST00735,21,43735,78221,701,36,No
CUST00736,60,90235,117582,790,12,No
CUST00737,52,57765,98308,681,36,No
CUST00738,54,54562,83576,751,36,No
CUST00739,48,28233,44011,728,48,No
CUST00740,51,56892,64411,691,36,No
CUST00741,28,34386,28976,595,60,No
CUST00742,59,37517,63725,570,24,No
CUST00743,46,34643,31864,685,48,No
CUST00744,54,30945,33581,635,36,No
CUST00745,23,130083,122470,765,36,No
CUST00746,32,91024,102445,744,60,No
CUST00747,21,118651,116193,680,24,Yes
CUST00748,64,28839,9354,589,12,No
CUST00749,25,51629,83493,719,36,No
CUST00750,50,27937,26228,599,36,No
CUST00751,50,36560,42514,620,48,No
CUST00752,37,33078,15406,603,60,No
CUST00753,43,87342,22294,677,12,No
CUST00754,35,41834,26364,766,36,Yes
CUST00755,57,80866,108531,686,48,No
CUST00756,41,65620,26494,650,60,No
CUST00757,34,140986,233864,584,60,Yes
CUST00758,22,25694,14987,717,48,No
CUST00759,31,88118,49973,629,36,No
CUST00760,59,83757,44503,696,24,No
CUST00761,58,32266,8766,650,36,No
CUST00762,54,78668,113777,749,36,No
CUST00763,58,58165,93431,670,48,No
CUST00764,54,45135,54250,675,36,No
CUST00765,38,34510,18694,713,48,No
CUST00766,50,36177,25041,835,36,No
CUST00767,35,125768,124219,762,48,No
CUST00768,47,50015,86488,673,24,No
CUST00769,54,71092,45029,684,24,Yes
CUST00770,58,35027,48479,638,24,No
CUST00771,53,35202,32778,606,60,No
CUST00772,44,81363,57903,645,12,No
CUST00773,35,27241,26061,618,60,No
CUST00774,50,41479,14948,727,24,Yes
CUST00775,62,50772,75547,600,36,No
CUST00776,37,52570,32968,781,60,Yes
CUST00777,25,46129,63399,736,36,No
CUST00778,49,59748,21267,683,24,Yes
CUST00779,24,68293,118174,684,24,No
CUST00780,30,69589,38216,642,60,No
CUST00781,37,32086,51923,697,36,No
CUST00782,30,43998,66203,760,36,No
CUST00783,37,85598,149812,634,36,No
CUST00784,40,74785,74092,570,36,No
CUST00785,44,26957,37132,728,24,No
CUST00786,25,58568,48295,706,48,No
CUST00787,54,20529,10999,590,48,No
CUST00788,26,51067,47838,625,24,No
CUST00789,22,117451,59537,629,48,No
CUST00790,33,32638,57840,622,60,No
CUST00791,63,34349,13712,653,60,No
CUST00792,63,70516,82030,664,24,No
CUST00793,31,24972,30491,626,36,No
CUST00794,43,37610,40770,621,60,No
CUST00795,36,65393,83467,666,24,No
CUST00796,51,37585,16165,690,12,No
CUST00797,31,44963,49921,655,60,No
CUST00798,36,69889,48585,771,36,No
CUST00799,28,60444,103194,720,36,No
CUST00800,24,56379,80690,562,36,Yes
CUST00801,60,42923,75433,718,60,No
CUST00802,24,59060,18203,727,36,No
CUST00803,45,47292,32724,647,60,No
CUST00804,23,61438,33969,570,36,No
CUST00805,52,39981,10687,679,36,No
CUST00806,23,46056,28813,679,36,No
CUST00807,47,32026,41701,592,24,Yes
CUST00808,49,49219,29934,571,36,No
CUST00809,52,34712,36064,670,36,No
CUST00810,39,30287,49250,659,60,Yes
CUST00811,41,56172,74446,650,36,No
CUST00812,25,55023,47412,675,36,No
CUST00813,38,71116,58836,602,36,No
CUST00814,48,41183,39387,646,48,No
CUST00815,62,60078,31506,722,36,No
CUST00816,42,64064,78972,657,24,No
CUST00817,41,61079,49745,557,60,Yes
CUST00818,26,34483,54179,641,36,No
CUST00819,21,53476,76078,600,36,No
CUST00820,25,58903,70465,702,36,No
CUST00821,61,50162,40858,704,48,No
CUST00822,32,19553,11251,550,36,No
CUST00823,46,53745,78093,738,12,Yes
CUST00824,54,135323,135855,614,60,No
CUST00825,34,42521,25443,795,24,No
CUST00826,46,36031,19908,674,48,No
CUST00827,65,59147,29950,588,12,No
CUST00828,47,57546,83706,596,36,No
CUST00829,29,85520,51734,713,12,No
CUST00830,46,28388,30270,646,36,No
CUST00831,42,69487,66005,677,48,No
CUST00832,50,65217,74895,804,24,No
CUST00833,63,46902,75493,627,36,No
CUST00834,37,58232,92881,686,60,No
CUST00835,46,79462,75423,792,36,No
CUST00836,56,74037,20273,705,60,No
CUST00837,21,29894,27233,555,60,No
CUST00838,28,72320,86032,722,60,No
CUST00839,55,48565,54127,592,60,No
CUST00840,35,51667,65078,786,36,No
CUST00841,42,51674,25259,619,60,No
CUST00842,34,46731,58513,850,60,No
CUST00843,46,85481,45571,797,60,No
CUST00844,48,48151,68052,620,12,No
CUST00845,43,30212,23432,678,60,No
CUST00846,34,41885,56559,735,48,No
CUST00847,44,54187,17567,740,48,No
CUST00848,22,86936,76693,721,12,No
CUST00849,65,65589,88073,777,24,No
CUST00850,46,34099,20516,668,60,No
CUST00851,34,152988,226835,673,36,No
CUST00852,27,56327,69153,655,36,No
CUST00853,23,88761,103027,752,60,No
CUST00854,43,46700,37267,707,12,No
CUST00855,63,63563,63423,705,36,No
CUST00856,65,72951,85782,744,36,No
CUST00857,38,86506,84976,533,36,No
CUST00858,58,80466,107212,709,36,No
CUST00859,55,74033,68275,701,24,No
CUST00860,35,43390,24451,804,24,No
CUST00861,45,38657,22483,563,36,No
CUST00862,57,58073,15041,798,60,No
CUST00863,48,76091,54518,691,36,No
CUST00864,30,45232,63814,716,24,No
CUST00865,59,80749,119585,812,24,No
CUST00866,37,96130,54200,731,60,No
CUST00867,59,33105,57487,707,60,No
CUST00868,42,34309,35295,695,36,No
CUST00869,46,46939,78450,643,24,No
CUST00870,64,57423,77262,679,36,No
CUST00871,45,39487,54088,624,48,No
CUST00872,37,91883,35083,685,36,No
CUST00873,33,60513,35762,507,36,No
CUST00874,40,50895,13419,712,48,Yes
CUST00875,45,26203,35636,666,60,No
CUST00876,24,27658,21681,650,24,No
CUST00877,30,56740,83369,698,60,No
CUST00878,23,19151,14849,566,36,No
CUST00879,61,78863,119869,830,48,No
CUST00880,65,46565,21074,672,36,No
CUST00881,38,180000,93371,695,36,No
CUST00882,56,141258,109949,626,48,No
CUST00883,42,46080,40696,681,36,No
CUST00884,54,47664,37678,784,24,No
CUST00885,28,78260,112198,763,36,No
CUST00886,60,107603,43071,756,36,No
CUST00887,64,23925,19006,716,24,No
CUST00888,39,22380,34638,648,60,No
CUST00889,62,37792,13361,569,24,No
CUST00890,61,64991,111176,668,36,No
CUST00891,57,62528,111224,665,24,No
CUST00892,26,80917,31338,765,36,No
CUST00893,46,29141,20442,699,36,No
CUST00894,54,18000,14890,795,36,No
CUST00895,65,73562,106915,775,24,No
CUST00896,26,34444,40426,643,12,No
CUST00897,57,20160,25175,539,48,No
CUST00898,53,53373,76011,785,36,No
CUST00899,42,71447,30927,786,36,No
CUST00900,41,47328,72955,577,12,No
CUST00901,26,40690,54676,791,60,Yes
CUST00902,26,46540,53283,708,24,No
CUST00903,24,42320,68943,691,60,No
CUST00904,50,27259,36404,797,36,No
CUST00905,31,36249,20395,778,36,Yes
CUST00906,50,63219,57915,731,48,No
CUST00907,51,57788,58699,717,60,Yes
CUST00908,44,53928,18098,727,36,No
CUST00909,29,31951,55265,646,36,No
CUST00910,23,46079,20703,675,36,No
CUST00911,51,18772,24987,606,60,No
CUST00912,60,54181,56059,656,48,No
CUST00913,57,95108,27556,662,24,No
CUST00914,56,25756,43357,628,24,No
CUST00915,44,38411,60319,688,24,No
CUST00916,51,57981,61611,657,24,No
CUST00917,26,87865,53146,725,24,No
CUST00918,22,40867,17921,556,48,No
CUST00919,40,36617,29779,669,24,No
CUST00920,48,20615,13316,684,36,No
CUST00921,31,52382,54235,657,36,No
CUST00922,24,125331,219070,682,24,No
CUST00923,35,56647,64644,562,12,No
CUST00924,26,49501,80657,707,12,Yes
CUST00925,50,57798,72760,730,24,No
CUST00926,58,49751,49086,717,60,No
CUST00927,22,34680,54609,755,48,Yes
CUST00928,35,72421,71018,700,12,No
CUST00929,31,55347,88354,717,36,No
CUST00930,28,50398,35377,692,24,No
CUST00931,46,32237,14496,728,36,No
CUST00932,65,89891,141645,570,36,No
CUST00933,64,67433,78256,616,36,Yes
CUST00934,25,38986,63473,797,36,Yes
CUST00935,26,78480,133701,501,24,No
CUST00936,46,39969,13315,667,48,No
CUST00937,24,35167,36099,765,60,No
CUST00938,39,35522,29526,670,60,No
CUST00939,40,22534,27493,644,12,No
CUST00940,53,61819,91496,692,48,No
CUST00941,40,21933,15022,648,48,No
CUST00942,32,28767,32019,678,60,No
CUST00943,21,19649,26497,623,24,No
CUST00944,46,48100,22048,763,48,No
CUST00945,34,46730,70647,786,12,No
CUST00946,58,43164,51342,669,36,No
CUST00947,57,31276,53850,572,36,Yes
CUST00948,31,29504,22903,637,48,Yes
CUST00949,56,61620,25734,669,60,No
CUST00950,33,39028,40397,716,36,Yes
CUST00951,63,57650,22080,606,36,No
CUST00952,23,33571,58842,619,24,No
CUST00953,53,54244,16814,719,36,Yes
CUST00954,26,89882,127446,758,36,No
CUST00955,30,65092,69252,636,24,Yes
CUST00956,25,41531,34112,578,60,No
CUST00957,43,56135,19763,850,24,No
CUST00958,30,44868,54486,738,36,No
CUST00959,64,50178,58061,660,60,No
CUST00960,22,43185,29598,744,60,No
CUST00961,33,46436,77123,670,48,No
CUST00962,60,55007,39680,746,24,No
CUST00963,22,31977,30285,688,60,Yes
CUST00964,40,31654,34592,683,24,No
CUST00965,21,26767,10850,667,60,No
CUST00966,57,24335,41244,566,48,No
CUST00967,29,28912,24012,821,48,No
CUST00968,37,53720,20156,610,12,No
CUST00969,29,33457,28449,575,36,No
CUST00970,31,63001,74361,667,60,No
CUST00971,35,50787,53131,608,60,No
CUST00972,44,20619,27352,670,12,No
CUST00973,58,67139,22559,735,60,Yes
CUST00974,55,72016,49766,759,12,No
CUST00975,50,31970,48588,737,36,Yes
CUST00976,51,60407,22582,659,48,No
CUST00977,25,34008,53597,681,24,No
CUST00978,64,52247,20504,711,12,No
CUST00979,34,28304,43685,544,48,Yes
CUST00980,31,22312,18055,717,36,Yes
CUST00981,29,42088,50460,569,24,No
CUST00982,54,47292,23030,832,48,No
CUST00983,32,41807,14740,648,60,No
CUST00984,55,29348,17160,662,36,No
CUST00985,55,41765,18718,621,24,No
CUST00986,21,56442,41441,634,12,No
CUST00987,60,49000,51317,850,48,No
CUST00988,42,54280,63105,751,36,No
CUST00989,49,36983,54524,561,48,No
CUST00990,28,84715,107348,800,60,No
CUST00991,31,29452,35153,765,36,No
CUST00992,61,62267,55309,661,24,Yes
CUST00993,57,85104,83777,710,60,No
CUST00994,34,62080,55407,681,36,No
CUST00995,50,45645,70994,827,36,No
CUST00996,55,39421,23909,618,60,Yes
CUST00997,41,79699,20631,697,60,No
CUST00998,57,26356,33197,643,36,Yes
CUST00999,25,32313,18219,569,24,No
CUST01000,39,41809,68135,843,60,No
CUST01001,34,87267,138015,599,48,No
CUST01002,46,59318,21884,698,36,No
CUST01003,24,32343,13419,546,36,No
CUST01004,45,43484,44246,649,36,No
CUST01005,65,37924,45292,709,60,No
CUST01006,62,36329,24562,615,36,No
CUST01007,45,77674,105717,730,60,Yes
CUST01008,38,26970,31612,655,60,No
CUST01009,60,103128,77705,778,60,No
CUST01010,28,72583,21000,787,48,No
CUST01011,59,81688,115403,642,60,No
CUST01012,60,40597,23663,684,36,Yes
CUST01013,34,46738,72137,693,24,No
CUST01014,52,26235,23650,722,60,No
CUST01015,58,39485,45189,679,36,No
CUST01016,53,62438,100093,697,24,No
CUST01017,43,89591,142326,670,24,No
CUST01018,35,30381,25090,685,24,No
CUST01019,53,42417,24338,776,48,No
CUST01020,45,46709,67797,728,48,No
CUST01021,37,26680,24580,728,24,No
CUST01022,53,65244,35732,737,60,No
CUST01023,22,36098,59629,666,24,Yes
CUST01024,34,45791,25508,703,48,No
CUST01025,60,40799,11832,597,36,No
CUST01026,60,35052,9865,772,48,No
CUST01027,59,49842,60538,471,36,No
CUST01028,26,45377,57883,673,36,No
CUST01029,26,42296,30966,764,60,No
CUST01030,23,36025,26875,575,12,No
CUST01031,27,57732,44812,712,60,No
CUST01032,28,105230,137246,640,36,No
CUST01033,62,53249,18110,653,36,No
CUST01034,35,78279,132302,757,36,Yes
CUST01035,49,26747,15912,690,24,No
CUST01036,53,53679,96595,528,36,Yes
CUST01037,50,30515,15741,603,60,Yes
CUST01038,59,25724,37194,748,24,No
CUST01039,47,35849,21376,711,48,No
CUST01040,56,85488,32085,818,36,No
CUST01041,49,76672,123146,812,48,No
CUST01042,58,55778,88189,655,24,No
CUST01043,53,25086,21964,850,36,No
CUST01044,57,45773,61277,681,60,No
CUST01045,47,57271,63769,609,24,No
CUST01046,53,54110,85065,633,36,No
CUST01047,24,21809,16102,505,36,No
CUST01048,42,33494,35560,797,36,No
CUST01049,22,48579,48692,799,36,No
CUST01050,30,63647,50826,607,36,No
CUST01051,25,18611,30369,657,12,No
CUST01052,30,46482,23572,686,60,No
CUST01053,53,53324,25688,609,60,Yes
CUST01054,58,73284,83852,553,24,No
CUST01055,33,68293,86672,668,36,No
CUST01056,51,64987,35851,659,48,No
CUST01057,56,34885,29848,648,60,No
CUST01058,65,21188,36383,691,60,No
CUST01059,44,41894,26488,786,60,No
CUST01060,35,78473,100913,663,24,Yes
CUST01061,49,93604,130786,702,60,No
CUST01062,28,68839,65025,738,60,No
CUST01063,25,60656,103307,724,36,No
CUST01064,49,59315,82556,636,36,No
CUST01065,24,38930,37364,685,36,No
CUST01066,32,47158,53405,720,48,No
CUST01067,65,105965,140250,607,24,No
CUST01068,22,32716,38209,771,12,No
CUST01069,47,103407,166690,798,24,No
CUST01070,51,43255,34741,624,36,No
CUST01071,56,90783,64894,703,24,No
CUST01072,56,26548,15436,723,48,No
CUST01073,46,65084,20083,642,24,No
CUST01074,63,35891,11366,713,60,No
CUST01075,47,26447,42278,688,60,No
CUST01076,25,55167,71800,571,60,No
CUST01077,40,78751,100315,720,48,No
CUST01078,31,34185,41114,594,24,No
CUST01079,30,25469,39892,746,36,No
CUST01080,60,47976,47708,629,24,Yes
CUST01081,58,48071,76872,668,60,Yes
CUST01082,26,63993,51651,786,36,No
CUST01083,28,76657,129274,723,36,No
CUST01084,43,48681,64888,599,48,No
CUST01085,46,115238,74746,617,60,Yes
CUST01086,63,55309,62186,636,48,No
CUST01087,32,42783,46043,708,48,No
CUST01088,46,24211,11228,702,36,No
CUST01089,33,44426,51820,616,36,No
CUST01090,60,42976,31713,591,12,No
CUST01091,38,77027,25507,707,60,No
CUST01092,45,61568,105923,669,36,No
CUST01093,53,29409,36594,838,12,No
CUST01094,60,54030,86946,684,60,No
CUST01095,63,67641,87790,820,36,No
CUST01096,32,99448,79889,602,60,No
CUST01097,64,74545,77875,567,60,Yes
CUST01098,56,70415,91357,600,60,No
CUST01099,24,51370,89301,769,12,Yes
CUST01100,25,59547,38300,814,24,No
CUST01101,57,87733,140918,629,60,No
CUST01102,28,27447,46175,641,60,No
CUST01103,62,42725,55079,591,36,No
CUST01104,48,35317,59808,541,36,No
CUST01105,51,59302,51398,736,24,No
CUST01106,29,86975,150221,704,60,No
CUST01107,49,38221,51190,678,24,No
CUST01108,34,18000,5672,569,24,Yes
CUST01109,60,41534,68766,801,48,No
CUST01110,61,75421,75491,647,24,No
CUST01111,42,63685,61361,723,60,No
CUST01112,31,60625,68386,573,12,No
CUST01113,43,44081,21227,665,12,No
CUST01114,21,28119,27478,697,36,No
CUST01115,57,63049,96985,707,36,No
CUST01116,41,34350,9412,688,24,No
CUST01117,46,133602,89917,734,36,No
CUST01118,56,64635,16405,598,36,No
CUST01119,43,38503,34435,693,60,Yes
CUST01120,21,37974,52362,686,12,No
CUST01121,60,47952,71357,697,60,No
CUST01122,35,44891,76990,684,36,No
CUST01123,41,82649,98615,591,24,No
CUST01124,29,54375,35054,582,12,No
CUST01125,29,35974,60524,511,36,No
CUST01126,30,117064,169946,755,24,No
CUST01127,46,51122,58298,742,36,No
CUST01128,61,70669,93866,747,24,No
CUST01129,55,38028,63989,701,48,No
CUST01130,45,58875,79729,522,36,No
CUST01131,46,57514,47218,604,12,Yes
CUST01132,31,21363,28951,687,36,No
CUST01133,58,123828,38688,705,48,No
CUST01134,22,89372,75872,671,12,Yes
CUST01135,27,41816,36790,706,60,No
CUST01136,38,30447,15485,677,36,No
CUST01137,47,58465,16708,691,60,No
CUST01138,54,51989,23746,632,24,Yes
CUST01139,47,58679,74209,755,60,No
CUST01140,37,54502,81401,649,36,No
CUST01141,63,62792,111877,583,36,No
CUST01142,64,95900,75460,631,36,No
CUST01143,44,64565,76125,657,12,No
CUST01144,45,31177,53081,751,60,No
CUST01145,27,92312,46979,685,36,No
CUST01146,26,104616,142524,677,12,No
CUST01147,44,180000,250000,612,12,No
CUST01148,53,30158,11699,735,12,No
CUST01149,49,55775,88400,632,36,No
CUST01150,63,19591,29589,666,36,No
CUST01151,42,64132,19353,794,36,No
CUST01152,46,39069,15283,716,36,No
CUST01153,48,118816,38751,572,36,No
CUST01154,41,35285,27129,544,36,No
CUST01155,27,23380,24301,670,12,No
CUST01156,37,40445,43484,587,24,No
CUST01157,40,20554,13666,723,12,Yes
CUST01158,61,70107,116586,687,60,No
CUST01159,40,19742,16204,686,48,No
CUST01160,42,50644,16237,627,60,No
CUST01161,48,19629,14042,805,36,No
CUST01162,60,43289,46459,850,60,No
CUST01163,27,104747,92465,670,36,No
CUST01164,21,58810,39665,708,36,No
CUST01165,52,33901,15376,684,24,No
CUST01166,33,49303,74926,660,48,No
CUST01167,50,50407,90431,618,60,No
CUST01168,43,61850,47055,601,24,No
CUST01169,39,27030,22746,590,24,No
CUST01170,52,65280,78856,713,48,No
CUST01171,50,18000,24545,635,60,Yes
CUST01172,49,37659,32298,484,48,Yes
CUST01173,65,40137,66332,711,24,Yes
CUST01174,49,66488,74334,680,36,No
CUST01175,50,50512,47891,781,36,No
CUST01176,36,26563,33266,703,60,No
CUST01177,60,32097,55427,566,48,Yes
CUST01178,39,54676,81006,514,36,No
CUST01179,38,48252,15056,626,24,No
CUST01180,21,38529,29478,631,60,No
CUST01181,34,40272,39440,749,48,No
CUST01182,22,68395,50441,683,60,No
CUST01183,48,39609,52890,763,36,No
CUST01184,50,48057,73562,580,60,Yes
CUST01185,58,132754,183676,769,60,No
CUST01186,24,26347,46989,729,36,No
CUST01187,21,21730,14612,523,60,No
CUST01188,28,71139,114266,783,12,No
CUST01189,49,36842,52989,684,48,Yes
CUST01190,59,43329,35156,708,60,No
CUST01191,23,35181,48827,612,36,No
CUST01192,52,44483,18297,775,36,No
CUST01193,30,102654,151257,602,36,No
CUST01194,30,71735,77123,747,48,No
CUST01195,39,73702,51816,746,60,No
CUST01196,54,26436,33480,602,36,No
CUST01197,53,29785,37068,825,60,Yes
CUST01198,43,18000,10345,691,36,No
CUST01199,48,34737,10321,726,24,No
CUST01200,52,76903,70913,571,36,No
CUST01201,27,63095,71470,841,48,No
CUST01202,49,45256,72805,587,24,No
CUST01203,28,49501,83594,757,48,Yes
CUST01204,21,36672,39226,603,36,Yes
CUST01205,23,54826,77765,635,48,No
CUST01206,44,70574,65699,743,12,No
CUST01207,43,24164,33985,752,48,No
CUST01208,28,57218,32468,586,36,No
CUST01209,57,76067,62767,767,60,No
CUST01210,23,41481,51148,757,48,No
CUST01211,53,68535,19063,613,48,No
CUST01212,48,177437,243056,825,60,No
CUST01213,28,47707,73711,570,48,No
CUST01214,54,59681,51843,635,24,No
CUST01215,55,35870,33872,713,60,No
CUST01216,52,54249,85143,617,48,No
CUST01217,44,61507,89324,702,36,No
CUST01218,34,54582,38024,699,48,No
CUST01219,52,31600,23768,662,60,No
CUST01220,63,54866,71450,743,60,No
CUST01221,36,96545,108416,672,60,No
CUST01222,24,61185,30682,700,36,No
CUST01223,57,77086,56303,771,36,No
CUST01224,41,44942,73928,738,24,No
CUST01225,34,70069,92258,743,24,No
CUST01226,51,56695,100818,595,60,No
CUST01227,38,32594,46899,716,36,Yes
CUST01228,27,57706,98681,616,36,No
CUST01229,30,32001,18724,580,48,No
CUST01230,27,37608,54374,672,48,Yes
CUST01231,53,54447,15318,613,24,No
CUST01232,43,57156,73713,741,36,No
CUST01233,41,29279,28617,737,36,No
CUST01234,39,80344,63269,543,36,No
CUST01235,39,64678,102626,621,60,No
CUST01236,56,36412,57317,568,60,No
CUST01237,49,25031,7123,640,36,Yes
CUST01238,38,46844,55966,714,60,No
CUST01239,22,40909,33551,660,36,No
CUST01240,21,52612,47050,636,48,No
CUST01241,25,42462,65377,776,24,Yes
CUST01242,40,20260,14795,501,48,No
CUST01243,31,41983,71863,771,36,No
CUST01244,62,43575,23026,638,24,No
CUST01245,22,66498,84933,677,24,No
CUST01246,23,36519,47174,638,36,No
CUST01247,43,106424,68207,807,48,No
CUST01248,32,21153,15936,582,12,No
CUST01249,40,90202,139266,689,48,No
CUST01250,25,45199,64671,719,48,No
CUST01251,57,73614,55954,564,48,No
CUST01252,58,51828,55852,611,48,No
CUST01253,50,83498,28857,676,24,No
CUST01254,29,42002,24091,612,36,No
CUST01255,54,30497,30589,615,60,No
CUST01256,64,94751,36314,663,36,No
CUST01257,55,47511,73982,728,36,No
CUST01258,42,55242,75290,655,48,No
CUST01259,64,87153,149261,768,36,No
CUST01260,44,31426,41635,601,48,No
CUST01261,37,65365,111619,589,60,No
CUST01262,30,38343,42541,822,12,No
CUST01263,50,47113,55609,630,60,No
CUST01264,43,51653,91132,582,24,No
CUST01265,52,25455,31699,544,36,No
CUST01266,37,35218,10485,758,60,No
CUST01267,37,91836,125989,663,60,Yes
CUST01268,34,74501,123186,666,60,No
CUST01269,29,48610,72096,668,60,No
CUST01270,60,55781,64424,757,36,No
CUST01271,22,43799,56524,665,48,No
CUST01272,65,92064,164316,850,36,No
CUST01273,45,45689,17843,689,36,No
CUST01274,59,55498,71272,761,36,No
CUST01275,29,83742,57721,747,48,No
CUST01276,42,35241,43774,674,36,Yes
CUST01277,63,100834,120176,646,60,No
CUST01278,24,25111,12251,700,48,No
CUST01279,46,104101,59385,729,12,No
CUST01280,49,42280,51308,636,36,No
CUST01281,65,44827,20116,691,36,No
CUST01282,54,21360,14120,767,36,No
CUST01283,43,40746,62938,833,60,Yes
CUST01284,57,31315,23705,740,36,No
CUST01285,31,38038,38285,817,60,No
CUST01286,26,47004,80319,632,48,No
CUST01287,38,76940,46324,738,36,No
CUST01288,41,54896,46877,781,48,No
CUST01289,62,57425,68336,614,12,No
CUST01290,56,30540,43390,640,12,No
CUST01291,61,33639,55422,807,12,No
CUST01292,58,112331,187479,619,36,No
CUST01293,54,35916,52214,577,24,No
CUST01294,37,105353,63624,806,60,Yes
CUST01295,57,44820,12929,769,36,No
CUST01296,45,50052,42286,712,48,No
CUST01297,58,80938,37992,683,24,No
CUST01298,32,88622,119737,655,36,No
CUST01299,43,47568,60637,701,36,No
CUST01300,62,41985,13358,797,48,No
CUST01301,42,48757,75413,698,36,No
CUST01302,41,58213,36997,844,36,Yes
CUST01303,47,74672,68695,618,36,No
CUST01304,51,50095,64387,679,48,No
CUST01305,26,66057,60482,655,12,No
CUST01306,47,104510,97612,610,48,No
CUST01307,60,59360,20878,670,36,No
CUST01308,54,57528,50178,713,48,No
CUST01309,32,25242,36235,714,36,No
CUST01310,65,18000,30033,836,36,No
CUST01311,27,59549,53053,717,24,No
CUST01312,30,47911,43434,766,60,No
CUST01313,65,39661,53109,683,36,No
CUST01314,37,55791,95475,807,60,No
CUST01315,46,48659,32307,850,36,No
CUST01316,41,83057,77428,726,24,No
CUST01317,48,51976,77120,606,36,No
CUST01318,22,35727,42695,636,12,No
CUST01319,63,78069,32899,707,60,Yes
CUST01320,21,45346,55458,713,60,No
CUST01321,56,63368,34184,735,48,No
CUST01322,46,40334,41981,713,36,No
CUST01323,49,37323,39940,678,36,No
CUST01324,41,51930,83509,633,60,Yes
CUST01325,31,50289,48623,710,24,No
CUST01326,60,62050,42389,822,48,No
CUST01327,31,44307,26939,755,36,No
CUST01328,56,21882,35123,714,60,Yes
CUST01329,59,41152,21196,755,60,No
CUST01330,60,71467,65042,656,60,No
CUST01331,55,43737,23623,641,36,No
CUST01332,54,44753,64830,623,24,No
CUST01333,44,77936,76789,676,36,No
CUST01334,42,36293,28827,646,48,No
CUST01335,25,24972,20220,766,48,No
CUST01336,53,46513,73069,644,12,No
CUST01337,56,40211,44568,618,36,No
CUST01338,40,32369,44109,822,24,No
CUST01339,39,46206,75797,645,60,No
CUST01340,55,62377,102779,694,24,No
CUST01341,63,49791,37801,714,48,Yes
CUST01342,37,57407,99102,596,24,No
CUST01343,65,113076,32629,785,36,No
CUST01344,63,42851,35742,726,60,No
CUST01345,54,56672,92856,798,24,Yes
CUST01346,29,39761,26866,627,12,No
CUST01347,46,34164,23002,684,12,No
CUST01348,22,38429,27633,681,36,No
CUST01349,29,40309,48334,698,36,No
CUST01350,29,58779,54630,573,36,No
CUST01351,60,143898,198067,707,48,Yes
CUST01352,37,36227,59308,570,12,No
CUST01353,21,41452,53681,705,60,No
CUST01354,45,48600,27552,520,60,Yes
CUST01355,63,59748,101312,543,60,No
CUST01356,60,56296,37153,743,60,No
CUST01357,62,89110,42981,647,36,No
CUST01358,45,18000,7010,600,36,No
CUST01359,59,18000,20218,769,48,Yes
CUST01360,55,40000,17053,703,24,No
CUST01361,23,81925,38104,752,36,No
CUST01362,57,24717,17674,662,24,No
CUST01363,64,18000,12358,850,36,No
CUST01364,64,64654,76717,638,36,No
CUST01365,50,55794,84581,812,24,No
CUST01366,58,30613,43779,672,12,No
CUST01367,54,32090,21078,552,48,Yes
CUST01368,32,32318,20368,713,12,No
CUST01369,39,52550,91804,704,60,No
CUST01370,57,37720,9912,599,24,Yes
CUST01371,64,62449,100766,613,48,No
CUST01372,37,18000,10072,672,36,No
CUST01373,30,34003,58427,703,12,No
CUST01374,32,30123,23513,491,36,Yes
CUST01375,36,44553,41548,758,36,No
CUST01376,44,39248,52829,641,60,No
CUST01377,39,71597,83116,584,48,Yes
CUST01378,28,21657,16087,745,12,Yes
CUST01379,51,51034,56568,678,24,No
CUST01380,41,64282,88876,774,36,No
CUST01381,37,115297,36390,726,24,No
CUST01382,43,40255,10763,678,36,No
CUST01383,57,57860,55546,670,60,No
CUST01384,36,22204,10088,711,36,No
CUST01385,26,18000,23035,643,48,No
CUST01386,28,73125,42543,621,48,No
CUST01387,45,49875,45931,726,60,No
CUST01388,38,84975,47279,676,24,No
CUST01389,45,26950,29649,678,48,Yes
CUST01390,32,63179,27160,764,60,No
CUST01391,35,115931,33135,685,24,No
CUST01392,46,60394,19885,683,36,No
CUST01393,61,56627,97914,636,60,No
CUST01394,65,50193,23618,712,48,No
CUST01395,46,24659,33244,701,24,No
CUST01396,52,92022,32694,756,36,No
CUST01397,30,37983,15864,634,36,No
CUST01398,36,62743,65175,648,36,Yes
CUST01399,27,24746,24017,734,36,No
CUST01400,37,29408,50727,695,24,No
CUST01401,43,95375,163520,621,48,No
CUST01402,46,42766,62370,777,48,No
CUST01403,41,96158,113780,562,60,No
CUST01404,42,48270,46107,738,24,No
CUST01405,27,21827,17507,579,60,No
CUST01406,34,74698,128330,826,24,No
CUST01407,35,38343,45418,562,36,No
CUST01408,27,68473,78577,770,60,Yes
CUST01409,29,50570,30820,674,36,No
CUST01410,28,24969,8050,647,24,No
CUST01411,43,53837,92333,695,24,No
CUST01412,49,134333,98908,744,36,No
CUST01413,38,62419,58425,615,48,No
CUST01414,51,48722,20838,619,60,No
CUST01415,50,81120,125512,735,48,No
CUST01416,59,54972,16097,553,60,No
CUST01417,55,54944,84761,637,48,No
CUST01418,38,30594,14301,850,60,No
CUST01419,62,55548,90220,609,12,No
CUST01420,59,79676,110044,772,60,No
CUST01421,37,34322,17341,633,36,Yes
CUST01422,34,94921,106978,727,60,No
CUST01423,51,47979,35246,729,12,No
CUST01424,44,33533,17647,761,48,No
CUST01425,55,78332,123900,671,48,No
CUST01426,64,43946,38473,828,60,No
CUST01427,65,70373,61066,640,48,No
CUST01428,54,43848,22508,696,36,No
CUST01429,23,48672,41067,698,36,No
CUST01430,57,62435,99959,598,36,No
CUST01431,63,56993,46327,660,24,No
CUST01432,60,20369,35136,686,24,Yes
CUST01433,46,30189,51828,644,24,No
CUST01434,43,75964,36052,850,36,No
CUST01435,64,47114,24727,617,60,No
CUST01436,59,39502,62695,766,60,No
CUST01437,35,27131,23300,740,12,No
CUST01438,24,30758,7898,675,12,No
CUST01439,49,20130,13578,609,24,No
CUST01440,42,47772,56195,622,24,Yes
CUST01441,45,38196,56869,639,12,Yes
CUST01442,33,32364,14782,543,36,Yes
CUST01443,38,48490,20431,604,36,No
CUST01444,53,58898,98904,571,36,No
CUST01445,36,128248,181379,797,36,No
CUST01446,65,25322,29479,721,36,No
CUST01447,62,84246,121503,746,48,No
CUST01448,64,77472,70866,730,60,Yes
CUST01449,22,35214,50201,690,36,No
CUST01450,55,54788,45271,791,12,Yes
CUST01451,62,40694,25570,632,24,Yes
CUST01452,54,54358,75012,689,24,No
CUST01453,50,98606,88794,746,36,No
CUST01454,33,65664,116300,584,24,No
CUST01455,33,62859,49766,850,36,No
CUST01456,38,41198,69158,680,24,No
CUST01457,52,25641,43489,686,48,No
CUST01458,52,45523,28446,773,12,No
CUST01459,55,86056,127986,756,36,No
CUST01460,59,25148,23168,678,24,No
CUST01461,49,31101,52006,686,12,No
CUST01462,49,52923,50155,568,60,Yes
CUST01463,64,32102,45061,635,48,No
CUST01464,36,35001,34084,716,12,No
CUST01465,64,41322,24921,712,48,No
CUST01466,30,27045,15118,767,36,No
CUST01467,50,32255,29333,667,36,Yes
CUST01468,45,68619,97509,580,36,No
CUST01469,59,27763,32979,755,60,No
CUST01470,40,24361,32093,783,24,No
CUST01471,25,37657,25893,745,36,No
CUST01472,21,69505,69243,672,36,No
CUST01473,50,45760,14589,757,48,No
CUST01474,23,40567,61547,850,60,No
CUST01475,65,51008,91015,689,60,No
CUST01476,34,22793,20073,576,48,No
CUST01477,50,62467,16678,639,60,No
CUST01478,24,59416,30491,729,48,Yes
CUST01479,38,41589,52461,558,48,No
CUST01480,57,78625,94250,698,60,Yes
CUST01481,45,30104,44289,705,12,No
CUST01482,21,83062,53452,802,36,No
CUST01483,35,53600,76843,779,48,No
CUST01484,29,42973,56569,743,60,No
CUST01485,35,49555,37184,518,60,No
CUST01486,44,47644,52194,749,60,No
CUST01487,24,86587,41412,740,60,No
CUST01488,32,30800,29305,695,36,No
CUST01489,57,35477,57326,547,12,No
CUST01490,57,79707,71963,628,12,No
CUST01491,63,38246,59332,590,36,Yes
CUST01492,26,74983,87347,534,36,Yes
CUST01493,59,107422,58804,691,36,No
CUST01494,44,41730,48019,619,36,No
CUST01495,31,67941,70270,850,60,No
CUST01496,33,29751,25821,663,36,No
CUST01497,54,70221,30576,781,60,No
CUST01498,45,54695,49001,563,60,No
CUST01499,27,61861,22442,643,36,No
CUST01500,24,37394,15073,685,36,No
CUST01501,28,23678,21184,607,48,No
CUST01502,40,62708,45359,651,48,No
CUST01503,49,19757,33283,658,36,No
CUST01504,65,43346,36079,661,24,No
CUST01505,30,76367,108799,824,24,No
CUST01506,63,54510,58428,709,24,No
CUST01507,54,120154,161166,730,24,No
CUST01508,46,79307,51802,726,24,No
CUST01509,61,37254,63703,723,36,Yes
CUST01510,23,50618,54244,674,60,No
CUST01511,26,48945,75304,656,48,No
CUST01512,25,24534,20015,687,60,No
CUST01513,25,32748,13274,763,48,No
CUST01514,43,38849,50280,762,48,No
CUST01515,29,20000,5241,656,36,No
CUST01516,55,51080,50401,738,36,No
CUST01517,40,44699,24533,664,60,No
CUST01518,62,23552,28791,677,60,No
CUST01519,55,59974,106040,646,36,No
CUST01520,38,69004,66922,670,12,No
CUST01521,37,55378,84015,782,48,No
CUST01522,44,43215,44817,686,24,No
CUST01523,23,65246,66456,693,12,No
CUST01524,52,67906,114908,575,60,No
CUST01525,55,57418,93560,658,36,No
CUST01526,58,34500,50646,659,48,No
CUST01527,33,56627,40160,619,60,No
CUST01528,45,85626,93740,689,36,No
CUST01529,29,38227,22823,645,36,No
CUST01530,24,128521,120562,702,24,No
CUST01531,34,39468,39489,687,36,No
CUST01532,57,50735,78083,608,48,Yes
CUST01533,54,36944,60545,647,36,No
CUST01534,31,55285,49351,687,24,No
CUST01535,61,22829,6334,763,12,No
CUST01536,23,39107,62014,697,36,No
CUST01537,48,30587,15909,626,36,No
CUST01538,49,53140,64508,711,48,No
CUST01539,29,78220,22582,814,36,No
CUST01540,23,66868,58124,752,24,Yes
CUST01541,45,18000,32008,715,36,No
CUST01542,54,125331,50894,749,60,No
CUST01543,32,57105,51778,789,24,No
CUST01544,62,35255,25598,758,48,No
CUST01545,29,53663,88699,723,36,No
CUST01546,35,54126,86465,761,48,No
CUST01547,60,37038,22906,596,24,No
CUST01548,45,54657,20542,568,60,No
CUST01549,25,38041,46489,689,36,No
CUST01550,31,41682,32152,683,60,No
CUST01551,54,36715,47426,637,24,Yes
CUST01552,44,26241,7867,737,48,No
CUST01553,35,53391,24387,541,48,Yes
CUST01554,58,65066,85489,643,36,No
CUST01555,28,63037,36509,646,36,No
CUST01556,25,72312,114200,562,48,No
CUST01557,46,57857,19719,794,12,No
CUST01558,38,39342,22976,576,48,No
CUST01559,26,72957,131160,640,12,Yes
CUST01560,57,27144,25007,744,24,No
CUST01561,33,33339,44661,725,48,No
CUST01562,48,32399,17273,593,12,No
CUST01563,25,81292,97168,737,60,No
CUST01564,33,76423,105117,707,60,No
CUST01565,37,62259,45912,850,36,No
CUST01566,60,80995,124310,716,60,No
CUST01567,65,33661,39898,666,60,No
CUST01568,52,58492,49902,617,24,No
CUST01569,49,47261,52665,624,60,Yes
CUST01570,23,73194,83732,623,24,No
CUST01571,60,47474,24049,782,36,No
CUST01572,54,42047,36759,680,36,No
CUST01573,60,63780,49896,725,48,No
CUST01574,47,74166,64628,798,12,No
CUST01575,33,37013,52918,501,24,No
CUST01576,65,48645,48545,776,36,No
CUST01577,53,31054,53024,680,36,No
CUST01578,26,18000,12694,706,48,No
CUST01579,44,54720,48938,619,48,No
CUST01580,39,65761,96654,627,24,No
CUST01581,36,56258,61678,718,24,No
CUST01582,60,20795,22831,850,36,No
CUST01583,48,42698,14205,754,36,No
CUST01584,53,18426,15991,769,24,No
CUST01585,61,92609,62014,674,36,No
CUST01586,33,30670,55174,631,36,No
CUST01587,63,87966,64035,629,24,No
CUST01588,65,76529,124051,649,36,Yes
CUST01589,45,33340,43281,523,48,No
CUST01590,62,30032,23378,622,36,No
CUST01591,56,58539,63953,640,60,No
CUST01592,47,34195,53099,664,24,No
CUST01593,58,52360,84782,690,36,Yes
CUST01594,27,40236,20062,705,36,No
CUST01595,25,22432,17415,673,48,No
CUST01596,63,18326,14104,630,48,No
CUST01597,65,55370,17451,534,48,No
CUST01598,51,38835,45719,635,48,No
CUST01599,43,38983,61397,605,12,No
CUST01600,62,68386,57543,719,48,No
CUST01601,30,84781,118444,755,48,No
CUST01602,52,44229,54089,749,60,No
CUST01603,63,42895,35700,735,48,No
CUST01604,50,62620,29346,673,48,No
CUST01605,59,27151,36639,636,36,No
CUST01606,51,55282,87046,625,60,No
CUST01607,38,64095,84162,570,60,No
CUST01608,56,67906,18858,758,48,No
CUST01609,22,20915,12239,661,36,Yes
CUST01610,34,35496,12697,584,12,No
CUST01611,33,33677,38193,615,48,No
CUST01612,49,52299,74397,615,48,No
CUST01613,32,62076,26159,686,48,No
CUST01614,59,98056,151930,770,24,No
CUST01615,22,40016,44459,652,48,Yes
CUST01616,52,39969,52737,509,24,No
CUST01617,33,83879,147264,673,48,No
CUST01618,47,57139,21696,670,24,No
CUST01619,61,88453,145673,671,48,No
CUST01620,37,56937,25363,634,24,No
CUST01621,60,29705,25519,692,12,No
CUST01622,51,27443,43078,680,36,No
CUST01623,54,24874,41159,673,24,No
CUST01624,44,67353,69702,714,48,No
CUST01625,65,85361,99946,655,60,No
CUST01626,55,114920,154869,656,60,No
CUST01627,26,73070,112584,788,24,No
CUST01628,39,84377,36986,729,60,No
CUST01629,50,38514,57987,740,36,Yes
CUST01630,27,29715,29595,768,60,No
CUST01631,30,73300,69523,724,48,No
CUST01632,61,60339,54730,752,12,No
CUST01633,52,52477,54538,562,36,No
CUST01634,54,59522,102070,697,36,No
CUST01635,48,57827,63593,668,48,No
CUST01636,35,89098,153910,814,36,No
CUST01637,50,89547,47411,757,48,No
CUST01638,57,63875,87663,635,36,No
CUST01639,49,73159,110395,713,60,No
CUST01640,42,63014,82085,695,60,No
CUST01641,24,40630,48379,712,36,No
CUST01642,40,70279,79096,608,48,No
CUST01643,52,26696,42298,702,60,No
CUST01644,56,80341,122404,669,60,No
CUST01645,24,29209,12839,697,12,No
CUST01646,47,56862,89007,627,36,No
CUST01647,37,34182,30484,633,36,No
CUST01648,32,64139,41256,771,36,No
CUST01649,42,49242,78696,601,24,No
CUST01650,37,24395,22435,602,36,No
CUST01651,30,60421,90811,678,48,No
CUST01652,21,38550,25377,620,36,No
CUST01653,42,74332,19036,618,48,No
CUST01654,46,50030,50929,688,12,No
CUST01655,38,59738,24215,569,60,No
CUST01656,34,32496,46121,601,60,No
CUST01657,49,38353,26000,832,36,No
CUST01658,32,40676,38140,713,60,No
CUST01659,56,73519,28298,629,24,No
CUST01660,55,106361,73849,723,48,Yes
CUST01661,32,34803,50858,720,24,No
CUST01662,27,81175,39367,761,36,No
CUST01663,49,18834,23601,664,36,No
CUST01664,31,29214,48846,749,36,No
CUST01665,53,32478,42343,524,36,No
CUST01666,26,27205,41000,596,36,No
CUST01667,35,24518,10271,687,36,Yes
CUST01668,52,60212,38453,707,60,No
CUST01669,31,45408,74312,611,36,No
CUST01670,43,59309,80566,701,24,No
CUST01671,46,68220,84682,637,36,No
CUST01672,54,56348,72060,660,60,Yes
CUST01673,54,67223,59964,760,36,No
CUST01674,49,48460,15462,748,36,No
CUST01675,24,29308,42962,601,36,No
CUST01676,37,80482,104788,607,36,No
CUST01677,55,38356,37698,647,24,No
CUST01678,33,32819,53975,675,36,No
CUST01679,61,46153,35586,630,24,No
CUST01680,59,33157,23415,755,24,No
CUST01681,35,41437,66417,704,12,No
CUST01682,49,58373,86703,712,36,No
CUST01683,49,58485,61305,587,36,No
CUST01684,31,33381,15110,764,60,No
CUST01685,52,40147,23420,467,36,Yes
CUST01686,22,81083,102745,749,48,Yes
CUST01687,34,62515,52939,753,12,No
CUST01688,40,127205,196727,663,24,No
CUST01689,42,85037,146470,782,60,No
CUST01690,31,83676,125408,682,36,No
CUST01691,47,26775,22362,680,24,No
CUST01692,23,70510,103823,710,36,No
CUST01693,37,48819,38798,850,36,No
CUST01694,64,39020,19861,779,60,No
CUST01695,48,53927,16273,733,12,No
CUST01696,49,76506,64866,617,36,No
CUST01697,41,62640,103388,693,48,No
CUST01698,36,33673,20892,616,60,No
CUST01699,57,69835,39813,746,60,No
CUST01700,40,37529,65797,688,24,No
CUST01701,26,55121,15917,597,48,No
CUST01702,39,43620,64033,685,48,No
CUST01703,25,45310,33897,615,48,No
CUST01704,23,70586,21748,695,60,No
CUST01705,21,31310,52369,612,60,No
CUST01706,58,119984,55966,696,12,No
CUST01707,35,22033,24352,731,24,No
CUST01708,54,38209,25783,674,48,No
CUST01709,55,59064,20734,652,24,No
CUST01710,45,65038,21292,698,12,No
CUST01711,44,47790,20507,732,36,No
CUST01712,32,48725,17571,597,60,No
CUST01713,38,60146,85941,702,24,No
CUST01714,35,45062,45180,778,48,No
CUST01715,64,93593,73141,732,12,No
CUST01716,36,72947,65541,689,24,No
CUST01717,47,74054,125141,733,36,No
CUST01718,28,32371,53790,710,12,No
CUST01719,45,48245,65579,736,60,No
CUST01720,37,43677,70812,527,60,No
CUST01721,49,31801,23706,560,48,Yes
CUST01722,28,58797,49432,757,24,No
CUST01723,35,39255,47155,565,36,No
CUST01724,47,67152,81698,714,24,No
CUST01725,27,30890,30786,650,24,No
CUST01726,23,108374,94396,617,36,No
CUST01727,49,33404,59412,703,48,No
CUST01728,64,55186,84034,696,12,No
CUST01729,44,71404,65993,843,24,No
CUST01730,23,38677,53270,631,60,No
CUST01731,40,73379,49004,793,36,No
CUST01732,35,28757,11654,702,60,No
CUST01733,45,96108,76528,640,60,No
CUST01734,50,50319,44009,740,36,No
CUST01735,34,38231,10538,720,24,No
CUST01736,27,43702,66118,681,48,No
CUST01737,37,71955,58050,704,24,No
CUST01738,64,38437,44189,633,24,No
CUST01739,40,35688,13013,615,48,No
CUST01740,56,45256,23589,736,36,No
CUST01741,29,29441,47960,659,24,No
CUST01742,58,113439,135386,687,48,No
CUST01743,42,38751,66766,699,48,No
CUST01744,22,72693,130707,704,24,No
CUST01745,44,54942,45403,574,24,No
CUST01746,28,32104,22895,773,24,No
CUST01747,31,49866,78811,689,36,No
CUST01748,33,71152,127920,669,48,No
CUST01749,37,45939,56319,712,48,No
CUST01750,28,85535,126803,705,48,No
CUST01751,41,79179,115736,743,12,No
CUST01752,38,75606,60544,725,24,No
CUST01753,50,40657,46354,732,24,No
CUST01754,38,30756,47402,777,24,No
CUST01755,51,37936,49946,744,24,No
CUST01756,58,54616,15446,669,36,Yes
CUST01757,52,63920,49339,599,12,No
CUST01758,31,18818,8919,799,48,No
CUST01759,65,49818,30444,662,48,No
CUST01760,45,53687,88772,645,36,No
CUST01761,53,44129,13556,549,12,No
CUST01762,58,89398,52807,713,60,No
CUST01763,61,60450,44118,693,60,Yes
CUST01764,28,90162,108751,574,24,No
CUST01765,31,45370,48902,713,48,No
CUST01766,42,76240,44853,648,60,No
CUST01767,44,104355,52655,850,36,No
CUST01768,61,90223,55671,645,36,Yes
CUST01769,37,30587,31472,643,36,No
CUST01770,32,44606,29901,613,36,No
CUST01771,52,42807,73576,774,36,No
CUST01772,35,62314,60382,655,60,No
CUST01773,36,68094,23229,629,48,No
CUST01774,42,34279,47317,730,24,No
CUST01775,48,51550,39163,577,36,No
CUST01776,40,20147,25444,721,48,No
CUST01777,53,95669,65377,823,24,No
CUST01778,30,39704,45050,720,36,No
CUST01779,60,51273,74184,728,60,No
CUST01780,52,43497,73441,744,36,No
CUST01781,53,83742,54830,815,24,No
CUST01782,22,18000,13843,764,24,No
CUST01783,53,49628,48120,713,36,No
CUST01784,53,47675,80433,747,36,Yes
CUST01785,61,40768,67151,612,36,No
CUST01786,33,108725,42328,750,36,No
CUST01787,50,33540,15244,601,12,No
CUST01788,53,70763,72040,657,24,Yes
CUST01789,33,58694,24373,451,36,Yes
CUST01790,46,88209,69301,718,12,No
CUST01791,42,37032,17775,629,60,No
CUST01792,59,35952,44432,761,24,No
CUST01793,22,81880,140974,716,48,No
CUST01794,58,60547,108678,766,36,No
CUST01795,59,24948,20747,594,36,No
CUST01796,46,39226,46227,756,48,No
CUST01797,35,59495,93836,840,36,No
CUST01798,54,72895,31495,742,48,No
CUST01799,62,36832,48575,737,36,Yes
CUST01800,64,18000,15907,686,36,No
CUST01801,60,63274,36036,643,48,No
CUST01802,31,28872,25242,733,36,No
CUST01803,23,20170,7417,561,36,No
CUST01804,26,18000,23902,642,48,No
CUST01805,29,72119,46282,552,60,No
CUST01806,26,52979,38817,628,36,No
CUST01807,29,45172,19771,727,36,No
CUST01808,59,93418,148555,727,12,No
CUST01809,51,66608,67596,687,36,No
CUST01810,52,103478,117637,703,36,No
CUST01811,61,26717,30260,534,60,No
CUST01812,32,49229,43630,652,36,No
CUST01813,28,24155,13247,624,48,Yes
CUST01814,28,45096,63358,630,12,No
CUST01815,48,44708,19982,724,36,No
CUST01816,40,66287,27244,619,60,No
CUST01817,27,51036,68936,635,24,No
CUST01818,31,66192,37974,527,12,No
CUST01819,40,68619,49783,662,36,No
CUST01820,36,131860,130093,615,48,No
CUST01821,24,43386,41065,685,36,No
CUST01822,26,32739,44142,605,36,No
CUST01823,42,55855,67938,689,48,No
CUST01824,46,34848,43519,666,24,No
CUST01825,23,97408,132162,815,48,No
CUST01826,61,44017,30968,716,24,No
CUST01827,62,38765,29059,540,36,Yes
CUST01828,34,40445,37569,583,48,No
CUST01829,31,69083,50193,688,60,No
CUST01830,38,46574,82746,610,48,No
CUST01831,32,37460,56631,455,48,Yes
CUST01832,43,105787,53445,792,36,Yes
CUST01833,32,34013,8798,731,24,No
CUST01834,33,50807,16071,719,24,No
CUST01835,45,67058,42132,638,60,No
CUST01836,65,23997,10250,707,60,No
CUST01837,39,62062,66821,630,60,No
CUST01838,56,31101,49136,692,12,No
CUST01839,65,72405,100785,615,36,No
CUST01840,28,32422,18941,790,36,No
CUST01841,49,68290,59338,566,48,No
CUST01842,52,82241,85303,779,36,No
CUST01843,64,73675,110941,688,48,No
CUST01844,38,55987,86816,644,36,No
CUST01845,26,45057,74797,692,24,No
CUST01846,38,38576,40093,733,24,No
CUST01847,39,96930,128541,792,12,No
CUST01848,42,36498,15449,701,36,No
CUST01849,57,31354,35311,609,12,Yes
CUST01850,52,67454,42865,688,36,No
CUST01851,61,34945,32120,813,36,No
CUST01852,23,32606,40196,778,60,No
CUST01853,48,26112,16929,743,60,No
CUST01854,30,40234,13313,738,24,No
CUST01855,55,48173,12807,732,24,No
CUST01856,49,55780,15861,768,24,No
CUST01857,35,76716,20172,651,60,No
CUST01858,53,63379,26686,581,36,No
CUST01859,27,45885,28504,684,24,No
CUST01860,32,45734,27115,618,60,No
CUST01861,50,62903,111938,603,36,Yes
CUST01862,41,88649,64209,634,60,Yes
CUST01863,51,52924,23684,850,24,Yes
CUST01864,44,40484,44355,688,36,No
CUST01865,40,31984,50529,704,36,No
CUST01866,57,26093,33947,584,60,No
CUST01867,24,67481,47839,545,60,No
CUST01868,48,64852,72667,622,36,No
CUST01869,64,64834,88046,791,24,No
CUST01870,40,47187,65050,705,36,No
CUST01871,44,94174,120838,734,60,Yes
CUST01872,52,40212,64329,733,36,No
CUST01873,61,76853,122862,641,48,No
CUST01874,56,49136,56376,784,36,No
CUST01875,54,38026,34842,630,36,No
CUST01876,56,65278,81234,789,36,No
CUST01877,22,60121,91277,715,48,No
CUST01878,35,58713,15193,548,60,Yes
CUST01879,54,51863,92710,624,36,Yes
CUST01880,56,49155,26223,546,36,No
CUST01881,26,146466,143374,787,36,No
CUST01882,59,85195,136452,685,24,No
CUST01883,62,69220,41450,517,60,No
CUST01884,32,52580,52003,709,36,No
CUST01885,23,78669,35834,645,60,No
CUST01886,65,63125,54437,571,48,No
CUST01887,38,50593,26539,806,48,No
CUST01888,60,43616,35487,687,60,No
CUST01889,41,48212,39961,658,36,No
CUST01890,35,18000,32209,644,60,No
CUST01891,53,54970,98504,567,24,No
CUST01892,55,40133,17174,580,36,Yes
CUST01893,46,102383,140802,787,48,No
CUST01894,28,50437,16655,645,24,No
CUST01895,56,29282,8691,678,48,No
CUST01896,50,48890,20205,526,48,No
CUST01897,43,31227,54538,577,60,No
CUST01898,62,61871,105697,728,36,No
CUST01899,64,56994,31380,710,48,No
CUST01900,34,76942,38517,817,36,No
CUST01901,34,35027,21816,778,48,No
CUST01902,22,50771,53264,663,36,Yes
CUST01903,57,27052,30651,711,36,No
CUST01904,25,68559,40688,660,36,No
CUST01905,58,63150,89848,837,24,No
CUST01906,65,62498,45612,769,24,No
CUST01907,61,50036,84026,693,12,No
CUST01908,34,60260,76405,697,36,No
CUST01909,59,102922,95341,799,60,No
CUST01910,45,43980,64843,722,12,No
CUST01911,40,53219,80774,798,12,No
CUST01912,22,30669,21476,512,36,No
CUST01913,59,33829,26270,711,48,No
CUST01914,26,52250,88863,642,24,No
CUST01915,37,82170,41524,818,24,No
CUST01916,45,44554,14049,795,24,No
CUST01917,48,44964,42886,681,36,No
CUST01918,22,41634,62113,793,24,No
CUST01919,55,39306,56840,812,36,No
CUST01920,57,57097,95653,687,48,No
CUST01921,25,25489,27438,850,36,No
CUST01922,21,88983,36047,685,12,No
CUST01923,60,37062,43083,661,36,No
CUST01924,32,69192,100779,749,36,No
CUST01925,56,28234,11143,649,60,Yes
CUST01926,65,67559,34970,690,24,No
CUST01927,43,67653,18202,789,48,No
CUST01928,51,59437,69551,683,48,No
CUST01929,31,31961,51919,549,24,No
CUST01930,30,55942,72139,709,60,Yes
CUST01931,23,29360,52031,624,36,No
CUST01932,34,44624,15516,744,48,No
CUST01933,36,79460,131081,738,24,No
CUST01934,30,71560,108185,795,24,Yes
CUST01935,49,50343,37107,748,36,No
CUST01936,30,32245,56718,758,36,No
CUST01937,32,66856,46552,633,36,Yes
CUST01938,50,50438,82134,740,36,No
CUST01939,61,18000,29073,821,36,No
CUST01940,21,71108,101284,633,36,No
CUST01941,25,49458,55560,815,12,No
CUST01942,40,85895,37451,646,36,No
CUST01943,28,30543,32820,612,36,No
CUST01944,63,18000,14455,696,36,Yes
CUST01945,32,56691,83786,735,12,No
CUST01946,21,57010,81245,750,24,No
CUST01947,40,23365,38820,603,24,No
CUST01948,48,32191,8788,709,60,No
CUST01949,63,172754,250000,653,36,No
CUST01950,57,43576,74280,567,12,No
CUST01951,57,69474,102364,614,24,No
CUST01952,32,37309,16856,621,12,No
CUST01953,57,19519,7339,713,36,No
CUST01954,64,46312,13074,766,24,No
CUST01955,48,44367,54330,568,36,No
CUST01956,35,41766,51205,705,36,No
CUST01957,26,47486,84512,591,60,No
CUST01958,64,56314,48822,728,36,No
CUST01959,40,46734,35726,633,36,No
CUST01960,34,28310,34478,597,48,No
CUST01961,22,62228,95190,742,36,No
CUST01962,29,20797,35396,630,48,No
CUST01963,57,19873,29707,650,48,No
CUST01964,40,69732,63550,517,36,Yes
CUST01965,46,62814,77520,754,36,No
CUST01966,49,48725,76852,741,60,No
CUST01967,21,26684,26963,676,48,No
CUST01968,55,36360,21302,563,60,No
CUST01969,26,44424,22793,770,24,No
CUST01970,57,24383,6102,625,36,No
CUST01971,25,35854,48879,643,60,No
CUST01972,53,67059,28312,850,36,No
CUST01973,34,95041,59681,636,60,No
CUST01974,32,41400,29465,734,12,No
CUST01975,62,70277,78611,726,60,No
CUST01976,40,21130,18316,703,36,No
CUST01977,44,67274,87170,705,12,No
CUST01978,63,34822,11709,705,60,No
CUST01979,54,57416,25384,702,24,No
CUST01980,45,44725,45788,675,12,No
CUST01981,49,90578,69953,801,24,No
CUST01982,59,33735,23902,578,48,No
CUST01983,51,66317,23469,760,60,No
CUST01984,63,44091,72237,740,24,Yes
CUST01985,43,46562,61570,732,36,No
CUST01986,64,46030,20185,763,24,No
CUST01987,58,34174,11989,670,48,No
CUST01988,40,49684,87496,540,24,No
CUST01989,43,48610,63476,674,24,No
CUST01990,65,55733,49996,607,24,No
CUST01991,36,51938,69477,625,36,No
CUST01992,62,71602,101841,591,60,No
CUST01993,28,75762,110532,649,36,No
CUST01994,41,31163,30873,631,12,No
CUST01995,21,73919,67733,506,36,No
CUST01996,28,29317,7830,728,48,No
CUST01997,49,65141,109838,850,24,No
CUST01998,52,66083,78317,729,12,Yes
CUST01999,58,21156,11951,659,24,No
CUST02000,25,52136,87348,676,48,No
CUST02001,42,40496,67553,647,36,Yes
CUST02002,54,35537,63371,684,36,No
CUST02003,21,91827,147363,686,24,No
CUST02004,46,37258,66936,614,36,No
CUST02005,63,34784,21888,803,60,No
CUST02006,30,51732,80468,569,24,No
CUST02007,50,68070,103854,737,60,Yes
CUST02008,38,46912,28521,672,36,No
CUST02009,37,84512,34023,829,24,No
CUST02010,46,63495,112266,708,36,Yes
CUST02011,28,18762,13299,647,60,No
CUST02012,60,39400,63035,659,36,No
CUST02013,32,38830,9956,681,60,No
CUST02014,47,62037,17531,597,24,No
CUST02015,28,18000,17498,616,36,No
CUST02016,45,157445,97617,568,60,No
CUST02017,24,63496,83767,613,60,No
CUST02018,53,53464,60234,688,36,No
CUST02019,21,85092,31493,710,36,No
CUST02020,39,143548,72072,550,12,No
CUST02021,51,73985,62996,675,24,No
CUST02022,36,76630,41203,728,24,No
CUST02023,34,53029,78374,668,12,No
CUST02024,25,46915,41985,632,24,No
CUST02025,61,40363,15936,647,36,No
CUST02026,46,34476,34501,636,60,No
CUST02027,48,36703,14344,630,48,No
CUST02028,22,27229,12249,688,36,No
CUST02029,26,48322,30027,850,60,No
CUST02030,29,23428,37069,619,24,Yes
CUST02031,53,54486,91708,657,36,No
CUST02032,61,49189,75294,676,36,No
CUST02033,45,53418,41015,629,12,Yes
CUST02034,33,39530,26576,760,48,No
CUST02035,29,180000,198214,528,12,No
CUST02036,33,92211,126225,649,24,No
CUST02037,51,28559,51113,737,24,No
CUST02038,61,55524,25204,659,60,No
CUST02039,31,38032,12414,616,48,No
CUST02040,24,31674,42008,709,48,No
CUST02041,54,27357,42128,743,36,No
CUST02042,58,60735,94858,698,24,No
CUST02043,24,36796,47894,617,36,No
CUST02044,58,77288,133610,720,36,No
CUST02045,39,78197,81486,655,24,No
CUST02046,26,92785,154618,744,48,Yes
CUST02047,54,34071,59628,788,24,No
CUST02048,38,61926,96796,487,24,No
CUST02049,33,66462,48526,692,60,No
CUST02050,61,40392,22383,548,48,Yes
CUST02051,43,35330,38848,850,36,No
CUST02052,39,103163,98229,656,36,No
CUST02053,65,55390,89207,737,36,No
CUST02054,31,66567,26963,681,48,No
CUST02055,21,34539,22433,617,48,No
CUST02056,44,28886,40882,607,36,No
CUST02057,27,38697,15372,797,60,No
CUST02058,45,47286,35331,751,60,No
CUST02059,41,30973,26330,822,36,No
CUST02060,35,49779,60482,684,60,No
CUST02061,21,23387,11579,696,36,No
CUST02062,32,30205,47843,656,36,No
CUST02063,27,67622,63814,662,12,Yes
CUST02064,35,65610,109659,605,36,No
CUST02065,41,41916,40876,685,60,No
CUST02066,39,31628,21390,617,48,No
CUST02067,49,31491,14796,709,48,No
CUST02068,45,42269,10813,691,24,No
CUST02069,53,66824,71825,705,36,No
CUST02070,52,75924,31591,811,24,No
CUST02071,55,39988,34277,675,36,Yes
CUST02072,64,29754,34615,733,36,No
CUST02073,58,56405,38204,835,36,No
CUST02074,46,34516,18003,775,36,No
CUST02075,31,39599,57451,764,36,No
CUST02076,55,90776,155910,665,24,No
CUST02077,28,72546,29431,702,12,No
CUST02078,34,53684,26368,582,60,No
CUST02079,30,28210,49030,713,12,No
CUST02080,22,54990,16968,702,12,No
CUST02081,29,80658,142388,688,60,No
CUST02082,23,42224,10860,755,60,No
CUST02083,41,91838,147325,598,48,No
CUST02084,46,89457,64977,811,12,No
CUST02085,28,105710,180216,759,24,No
CUST02086,22,57362,42520,676,60,No
CUST02087,26,65128,82333,672,60,Yes
CUST02088,48,94482,35341,725,36,No
CUST02089,49,61151,38257,796,24,No
CUST02090,46,39904,57829,686,12,No
CUST02091,45,40861,43699,689,12,Yes
CUST02092,32,55666,93984,682,36,No
CUST02093,25,27974,25584,809,12,No
CUST02094,54,46878,74921,652,60,No
CUST02095,57,81898,77466,684,24,No
CUST02096,35,18652,32974,783,48,No
CUST02097,64,99737,173317,701,24,No
CUST02098,56,82855,62983,772,36,No
CUST02099,35,40655,65990,610,12,No
CUST02100,63,63851,99850,667,48,No
CUST02101,43,50071,28869,791,36,No
CUST02102,26,86966,105894,637,12,No
CUST02103,64,77807,28217,674,60,No
CUST02104,63,26629,41192,695,36,No
CUST02105,65,65124,33900,609,60,No
CUST02106,41,45581,16398,648,60,No
CUST02107,43,51899,45170,689,60,No
CUST02108,63,36030,41227,681,12,No
CUST02109,36,109803,172953,788,24,No
CUST02110,35,79842,140528,802,60,No
CUST02111,45,35842,33377,613,36,No
CUST02112,56,27425,9426,684,24,No
CUST02113,31,42034,59315,729,48,No
CUST02114,35,60798,68460,796,24,Yes
CUST02115,24,55708,52601,735,48,No
CUST02116,41,87877,64095,709,60,No
CUST02117,33,71342,73391,734,48,No
CUST02118,42,77349,59942,736,24,No
CUST02119,39,57923,82446,612,36,No
CUST02120,54,26758,29247,690,36,No
CUST02121,34,45785,73673,789,36,No
CUST02122,24,80565,88017,671,24,No
CUST02123,47,48854,30256,689,36,No
CUST02124,49,62703,98393,664,36,No
CUST02125,48,43319,48244,505,36,No
CUST02126,55,31457,17949,678,60,No
CUST02127,28,47300,57537,702,36,No
CUST02128,36,57460,46224,643,24,No
CUST02129,62,37224,58026,591,48,No
CUST02130,56,44968,42837,613,48,Yes
CUST02131,50,32762,45080,734,36,No
CUST02132,38,82738,32936,834,36,No
CUST02133,22,43795,37832,782,24,No
CUST02134,33,96136,170548,588,36,Yes
CUST02135,24,99480,149530,754,60,No
CUST02136,46,48209,24004,630,60,No
CUST02137,45,31760,21614,633,36,No
CUST02138,50,19558,14888,639,48,No
CUST02139,31,25780,32433,728,60,No
CUST02140,27,26945,38352,747,60,No
CUST02141,51,92975,131259,681,36,No
CUST02142,64,52675,54798,674,36,No
CUST02143,30,59581,89775,717,36,No
CUST02144,59,18409,17074,716,12,No
CUST02145,33,29164,12891,764,36,No
CUST02146,51,74531,83839,589,48,No
CUST02147,27,56887,98191,683,60,No
CUST02148,62,46795,69216,599,60,No
CUST02149,62,64470,73946,679,12,No
CUST02150,56,104390,130754,674,36,No
CUST02151,40,45266,76607,676,24,No
CUST02152,24,51585,47145,620,24,No
CUST02153,27,54527,41640,569,60,No
CUST02154,21,146712,250000,542,36,No
CUST02155,64,19440,30877,664,48,No
CUST02156,65,67998,51047,651,12,No
CUST02157,62,47483,46004,629,36,No
CUST02158,33,64526,57646,782,48,No
CUST02159,42,37196,17895,613,24,No
CUST02160,41,48910,84840,786,36,No
CUST02161,42,68866,60374,806,12,No
CUST02162,48,180000,250000,560,48,No
CUST02163,29,71926,39092,691,60,No
CUST02164,46,34137,37523,647,60,No
CUST02165,29,41319,11864,460,60,No
CUST02166,35,40772,58489,570,60,No
CUST02167,30,22287,25639,733,60,No
CUST02168,44,43098,52565,830,36,No
CUST02169,62,69533,22958,752,36,No
CUST02170,28,28180,16263,700,36,No
CUST02171,44,80145,29270,684,60,No
CUST02172,36,62273,43455,809,24,No
CUST02173,46,35932,43928,838,12,No
CUST02174,47,46915,52901,635,60,No
CUST02175,57,102644,123053,541,12,No
CUST02176,24,69555,76604,527,60,Yes
CUST02177,44,50198,33793,779,48,No
CUST02178,39,44928,28259,675,36,No
CUST02179,56,51754,23933,694,48,No
CUST02180,59,39715,62196,544,60,Yes
CUST02181,30,19392,23378,617,24,No
CUST02182,45,125337,67568,673,48,No
CUST02183,38,53620,28133,696,60,No
CUST02184,39,59811,95889,652,24,No
CUST02185,56,48714,68260,602,12,Yes
CUST02186,30,35917,45689,618,24,Yes
CUST02187,53,45987,40498,770,24,No
CUST02188,25,24344,15971,693,12,No
CUST02189,55,139311,246323,744,48,No
CUST02190,64,28688,42622,608,36,No
CUST02191,54,31426,22556,455,60,No
CUST02192,53,41014,64135,639,24,Yes
CUST02193,41,89269,127328,623,36,No
CUST02194,37,50328,35757,706,36,No
CUST02195,42,28667,26120,850,60,No
CUST02196,57,87924,47323,740,36,No
CUST02197,35,69475,29328,850,36,No
CUST02198,55,63709,87299,725,60,No
CUST02199,48,69000,45860,637,36,No
CUST02200,27,146861,223389,725,12,No
CUST02201,52,133662,239682,830,36,No
CUST02202,31,36708,13536,815,48,Yes
CUST02203,30,103832,102088,648,12,Yes
CUST02204,29,59409,88709,701,36,No
CUST02205,34,62591,92189,575,36,Yes
CUST02206,33,23348,33341,737,60,No
CUST02207,45,46310,36629,796,24,No
CUST02208,22,34683,33069,680,24,No
CUST02209,55,72577,85075,634,36,No
CUST02210,27,80964,142465,713,36,No
CUST02211,41,19658,14895,705,48,No
CUST02212,38,49507,83215,686,36,No
CUST02213,23,82836,55293,700,48,No
CUST02214,62,45971,81969,666,60,No
CUST02215,59,69415,89470,759,60,No
CUST02216,61,58560,56712,737,36,No
CUST02217,31,58310,70016,608,60,No
CUST02218,59,44253,29757,603,24,No
CUST02219,44,28921,19521,657,48,No
CUST02220,39,30185,12859,731,36,No
CUST02221,24,68802,29363,695,60,No
CUST02222,46,50440,39792,632,36,No
CUST02223,58,46979,67294,699,48,No
CUST02224,62,41317,49265,653,60,No
CUST02225,52,43584,17826,745,48,No
CUST02226,59,80089,125817,711,48,No
CUST02227,65,42998,50829,655,12,No
CUST02228,56,27345,47562,693,24,Yes
CUST02229,60,69872,90050,783,60,No
CUST02230,57,45596,23779,636,48,No
CUST02231,53,50711,49918,710,36,No
CUST02232,56,103073,129374,685,36,No
CUST02233,23,49540,14555,712,12,No
CUST02234,29,56949,15553,632,36,No
CUST02235,28,29415,13254,684,36,No
CUST02236,53,45294,28992,762,24,No
CUST02237,26,65780,60241,613,24,No
CUST02238,61,24831,24968,575,36,No
CUST02239,59,54730,25392,584,36,No
CUST02240,24,52320,67689,593,24,No
CUST02241,33,50938,59802,725,36,No
CUST02242,22,79738,56328,581,60,No
CUST02243,25,58121,15761,659,36,No
CUST02244,64,97237,36012,736,60,No
CUST02245,47,31974,27406,708,60,No
CUST02246,52,53154,25974,652,12,No
CUST02247,41,51937,43319,695,12,No
CUST02248,28,30903,37815,684,36,No
CUST02249,58,76888,84440,669,36,No
CUST02250,28,142327,86581,683,36,No
CUST02251,23,49619,38848,848,36,No
CUST02252,64,62758,75419,743,36,No
CUST02253,23,51938,82287,850,12,No
CUST02254,42,36267,51408,640,60,No
CUST02255,26,22036,24411,668,24,No
CUST02256,22,36395,29537,577,60,No
CUST02257,43,26726,21804,615,24,Yes
CUST02258,64,107648,173647,834,24,No
CUST02259,22,47476,14757,640,24,No
CUST02260,58,42792,76229,823,60,No
CUST02261,37,74600,95472,592,12,No
CUST02262,55,30182,39411,597,36,No
CUST02263,54,35408,10937,651,60,No
CUST02264,43,51555,61277,676,48,No
CUST02265,50,79437,79549,755,36,No
CUST02266,28,62664,25940,716,60,No
CUST02267,42,55911,38063,650,60,Yes
CUST02268,64,51789,84415,670,36,No
CUST02269,56,59867,66002,658,36,No
CUST02270,25,54749,48770,612,60,No
CUST02271,33,31454,11407,610,60,No
CUST02272,49,51048,69266,757,36,No
CUST02273,51,30842,41310,539,60,No
CUST02274,36,51858,62321,802,36,No
CUST02275,62,40275,41923,652,36,No
CUST02276,50,156765,144595,643,24,No
CUST02277,36,49110,57438,735,24,No
CUST02278,32,26579,16260,787,48,No
CUST02279,37,47070,80440,763,36,No
CUST02280,36,63164,73436,720,24,No
CUST02281,32,106169,77753,773,36,No
CUST02282,28,38351,36319,549,36,Yes
CUST02283,40,24531,36767,636,60,Yes
CUST02284,23,72212,36142,616,60,No
CUST02285,36,26863,18909,767,36,No
CUST02286,50,41090,53550,649,60,No
CUST02287,65,44527,32906,742,36,No
CUST02288,43,48458,71639,720,48,No
CUST02289,48,68180,30831,619,60,No
CUST02290,60,36759,52645,633,36,No
CUST02291,25,44205,15735,776,48,No
CUST02292,40,49680,13390,622,24,No
CUST02293,60,53482,87831,690,24,No
CUST02294,64,52250,60144,622,36,No
CUST02295,21,60839,48387,659,60,No
CUST02296,50,73094,44625,681,36,No
CUST02297,41,59663,71964,623,60,No
CUST02298,40,61322,63711,610,60,No
CUST02299,26,24533,43840,696,24,No
CUST02300,42,51143,90727,617,36,No
CUST02301,38,62041,76576,622,36,No
CUST02302,28,69411,65000,613,36,No
CUST02303,59,36615,37028,671,12,Yes
CUST02304,52,37168,48610,748,60,No
CUST02305,53,38616,15734,791,48,No
CUST02306,36,63651,48308,628,36,No
CUST02307,32,79620,29194,847,36,No
CUST02308,58,41624,15139,603,12,No
CUST02309,54,75234,41646,766,36,No
CUST02310,34,52857,52970,626,60,No
CUST02311,56,47280,69331,614,60,No
CUST02312,53,45463,45578,623,36,No
CUST02313,43,69965,53872,680,36,No
CUST02314,65,57889,21862,725,48,No
CUST02315,22,139232,153567,748,36,No
CUST02316,61,34074,22845,606,12,No
CUST02317,41,63128,75952,608,36,No
CUST02318,22,39405,69536,609,36,No
CUST02319,47,33813,14287,668,12,Yes
CUST02320,29,49756,28798,664,12,No
CUST02321,21,53188,52300,609,24,No
CUST02322,31,180000,250000,726,36,No
CUST02323,23,46024,66565,849,36,No
CUST02324,43,30067,49378,638,24,No
CUST02325,46,56536,43378,649,24,No
CUST02326,24,19657,35140,716,60,No
CUST02327,38,47973,19640,638,24,No
CUST02328,26,50362,16726,730,36,No
CUST02329,55,71493,112686,630,60,No
CUST02330,42,77490,130746,823,36,No
CUST02331,63,39862,15562,704,48,No
CUST02332,35,46723,19895,633,36,Yes
CUST02333,42,35420,10676,633,12,No
CUST02334,57,30096,12399,637,36,No
CUST02335,62,57482,33029,784,36,No
CUST02336,32,28188,49431,580,24,No
CUST02337,62,41490,53322,628,36,No
CUST02338,58,31951,46545,634,60,Yes
CUST02339,38,64032,93040,682,24,No
CUST02340,65,112468,121394,672,36,No
CUST02341,55,27835,41366,564,36,No
CUST02342,50,21719,25487,644,60,No
CUST02343,44,47268,34862,672,60,No
CUST02344,62,50354,56382,633,48,No
CUST02345,50,55170,59415,733,36,No
CUST02346,34,40902,62431,747,12,No
CUST02347,26,45683,80936,673,36,No
CUST02348,23,58992,52333,699,48,No
CUST02349,36,79855,114453,524,48,No
CUST02350,27,20744,8394,643,60,No
CUST02351,34,42351,61582,754,36,No
CUST02352,29,55050,45455,649,36,No
CUST02353,35,33080,10290,621,36,No
CUST02354,41,108967,88594,850,24,No
CUST02355,55,37566,44948,814,36,No
CUST02356,22,49079,21341,715,36,No
CUST02357,47,64215,108026,768,60,Yes
CUST02358,22,38319,14193,511,36,No
CUST02359,55,21782,36844,615,60,No
CUST02360,38,41228,55495,643,36,No
CUST02361,34,79461,60474,668,24,No
CUST02362,40,42966,36764,642,24,No
CUST02363,38,34162,47767,486,24,No
CUST02364,30,75836,89659,714,36,No
CUST02365,45,43085,55625,719,12,No
CUST02366,22,39744,33910,798,36,No
CUST02367,45,53478,53805,622,60,No
CUST02368,53,70729,126201,619,48,No
CUST02369,56,146027,84926,498,48,No
CUST02370,51,72550,65126,662,24,No
CUST02371,34,84264,59181,754,36,No
CUST02372,21,39819,57177,632,24,Yes
CUST02373,36,31512,45195,837,60,No
CUST02374,23,51422,36165,661,24,No
CUST02375,55,52470,19737,692,36,No
CUST02376,61,30775,8239,574,36,No
CUST02377,26,46207,42166,701,36,No
CUST02378,45,59842,53021,534,60,No
CUST02379,33,58803,104787,734,24,No
CUST02380,54,62737,61369,737,36,No
CUST02381,28,56995,36901,783,48,No
CUST02382,41,39800,64930,601,36,No
CUST02383,54,39677,40120,690,36,No
CUST02384,24,29151,34361,718,12,No
CUST02385,45,111628,44460,725,48,No
CUST02386,35,50304,42432,615,60,No
CUST02387,24,45188,77432,500,36,No
CUST02388,65,32920,38310,703,60,No
CUST02389,32,180000,141116,695,36,No
CUST02390,52,30847,37627,634,24,No
CUST02391,52,41225,68480,736,12,No
CUST02392,48,60289,40676,679,48,No
CUST02393,33,65504,67661,584,36,Yes
CUST02394,51,76945,133574,541,48,Yes
CUST02395,34,112781,58332,608,48,No
CUST02396,40,62790,85738,850,60,No
CUST02397,38,31088,37382,730,36,No
CUST02398,49,44540,58058,693,36,No
CUST02399,26,57429,45621,668,24,No
CUST02400,52,126814,93400,677,36,Yes
CUST02401,49,26656,34933,763,60,No
CUST02402,63,85900,50174,650,12,No
CUST02403,22,54216,48820,724,60,No
CUST02404,43,72897,39486,658,60,No
CUST02405,39,47757,12554,825,36,No
CUST02406,51,34224,60015,733,36,No
CUST02407,25,70100,64432,777,24,No
CUST02408,39,67122,117631,640,24,No
CUST02409,54,77436,36201,765,12,No
CUST02410,30,49702,57675,656,36,No
CUST02411,45,38172,21434,686,12,No
CUST02412,22,24793,36560,798,48,No
CUST02413,31,72294,105892,606,36,No
CUST02414,51,60508,25688,697,24,No
CUST02415,35,32376,53864,709,36,Yes
CUST02416,29,39239,21647,717,60,No
CUST02417,43,40528,48638,644,48,No
CUST02418,39,25653,45604,832,36,Yes
CUST02419,29,34607,55984,580,48,No
CUST02420,55,30018,52011,785,48,No
CUST02421,41,41530,32436,769,60,No
CUST02422,29,35860,14833,820,24,No
CUST02423,48,24044,13030,556,60,No
CUST02424,27,124237,127438,630,36,Yes
CUST02425,36,87853,129979,799,60,No
CUST02426,36,35215,17000,536,24,Yes
CUST02427,53,56521,71928,561,60,No
CUST02428,24,60333,45343,645,60,No
CUST02429,24,85457,66559,701,24,No
CUST02430,59,34593,44140,796,60,No
CUST02431,60,81734,79597,672,12,No
CUST02432,37,39074,58949,632,24,No
CUST02433,57,27409,13476,699,36,No
CUST02434,59,69261,102120,719,60,No
CUST02435,49,89377,31243,721,36,No
CUST02436,56,160225,88249,689,36,No
CUST02437,58,29141,36923,529,48,No
CUST02438,59,68480,107865,615,60,Yes
CUST02439,57,41580,26680,785,48,No
CUST02440,55,71132,53857,698,24,No
CUST02441,27,25798,27927,651,36,Yes
CUST02442,47,28326,16371,760,12,No
CUST02443,48,35265,53155,592,36,Yes
CUST02444,42,51809,75078,663,24,No
CUST02445,34,37470,17806,688,24,No
CUST02446,27,67262,65173,650,60,No
CUST02447,57,79370,115165,693,36,No
CUST02448,42,65486,50612,669,36,No
CUST02449,25,103594,127557,586,36,No
CUST02450,22,60289,19765,696,12,No
CUST02451,47,28917,34512,576,36,No
CUST02452,41,92346,44937,701,36,No
CUST02453,58,38081,58546,781,60,No
CUST02454,35,75317,60325,664,36,Yes
CUST02455,41,101515,69681,602,36,No
CUST02456,30,61408,95390,673,48,No
CUST02457,43,25502,8358,613,48,No
CUST02458,59,33077,28603,721,48,No
CUST02459,25,90673,74670,677,60,No
CUST02460,21,46336,32039,807,48,No
CUST02461,33,51823,86193,768,36,No
CUST02462,41,70351,99472,673,60,No
CUST02463,46,68400,23877,737,36,No
CUST02464,65,56683,76962,652,24,No
CUST02465,41,45519,48583,682,36,No
CUST02466,38,43437,71512,652,24,No
CUST02467,57,73558,54070,742,24,No
CUST02468,65,64144,73121,790,24,Yes
CUST02469,52,44533,45698,739,12,No
CUST02470,56,81367,82085,755,60,No
CUST02471,37,47179,45149,749,60,No
CUST02472,55,34082,19383,718,36,No
CUST02473,31,35534,50506,592,60,No
CUST02474,41,32188,30565,804,24,No
CUST02475,46,44232,76773,814,60,No
CUST02476,24,87112,56993,670,36,No
CUST02477,54,34804,45532,649,12,No
CUST02478,38,54426,92966,727,24,No
CUST02479,60,37208,47565,719,36,No
CUST02480,55,44473,71178,664,12,No
CUST02481,61,25343,38841,581,36,No
CUST02482,49,45276,36591,702,12,No
CUST02483,49,45826,54083,721,24,No
CUST02484,58,63762,31384,737,24,No
CUST02485,62,55285,59711,707,60,No
CUST02486,41,29159,17704,655,24,No
CUST02487,62,81444,114249,761,24,No
CUST02488,33,54963,58727,686,48,No
CUST02489,61,54669,48513,646,60,No
CUST02490,37,49794,33194,666,36,No
CUST02491,29,39608,71214,547,60,No
CUST02492,61,55149,19917,667,36,Yes
CUST02493,21,61932,19665,734,24,No
CUST02494,22,22781,13367,700,36,No
CUST02495,49,39235,68864,792,36,No
CUST02496,53,44581,78811,659,36,Yes
CUST02497,30,56109,70986,718,48,No
CUST02498,60,85542,138079,747,24,No
CUST02499,41,35330,20549,850,48,No
CUST02500,48,39962,70200,689,36,No
CUST02501,31,39701,18712,600,36,No
CUST02502,54,34860,14179,741,36,No
CUST02503,28,42768,18131,818,48,No
CUST02504,42,70731,80517,660,24,No
CUST02505,28,31118,45448,739,60,No
CUST02506,35,60615,49603,774,48,No
CUST02507,37,23247,41048,751,24,No
CUST02508,43,38839,35862,687,60,No
CUST02509,44,43110,20831,626,48,No
CUST02510,65,106241,103293,685,36,No
CUST02511,39,44184,57550,713,24,No
CUST02512,25,18568,28594,742,36,No
CUST02513,52,20339,19548,699,24,No
CUST02514,64,50772,59408,652,36,No
CUST02515,21,65905,43786,725,36,No
CUST02516,43,59203,74073,746,48,No
CUST02517,57,53916,95876,709,24,No
CUST02518,28,84355,27503,624,60,No
CUST02519,33,39221,63700,664,36,No
CUST02520,28,74794,83884,756,36,No
CUST02521,43,23990,15372,571,48,Yes
CUST02522,63,33275,57568,520,36,No
CUST02523,21,22173,22155,788,36,No
CUST02524,65,44183,33761,717,36,No
CUST02525,44,48970,26019,725,36,No
CUST02526,55,52634,33102,600,36,No
CUST02527,44,51412,79222,736,36,No
CUST02528,37,32938,39603,697,48,No
CUST02529,25,45898,76445,560,36,No
CUST02530,40,25487,15536,782,24,No
CUST02531,41,92340,40423,700,36,No
CUST02532,60,43615,11315,649,24,No
CUST02533,51,40126,41618,650,36,No
CUST02534,56,102212,183713,539,36,Yes
CUST02535,31,28589,37943,720,36,Yes
CUST02536,35,30130,21935,696,48,No
CUST02537,39,30530,49127,662,24,No
CUST02538,27,48496,70885,776,60,No
CUST02539,48,60719,16631,578,36,No
CUST02540,63,69747,105746,639,36,No
CUST02541,25,159082,113874,638,48,No
CUST02542,25,18170,8758,653,60,No
CUST02543,50,65756,39507,688,36,No
CUST02544,52,38912,37990,710,48,No
CUST02545,28,38403,34891,652,60,No
CUST02546,30,37831,26398,612,48,No
CUST02547,58,33217,17171,803,12,No
CUST02548,52,106704,152742,850,60,No
CUST02549,48,73044,130359,695,48,No
CUST02550,37,50525,73543,623,48,No
CUST02551,51,91834,65083,799,48,No
CUST02552,28,25315,15935,567,60,No
CUST02553,60,27473,16137,650,36,No
CUST02554,45,18764,8667,622,12,No
CUST02555,29,36499,40315,590,36,No
CUST02556,22,53774,63903,660,12,No
CUST02557,35,52369,70359,616,24,No
CUST02558,23,53476,69750,682,36,Yes
CUST02559,56,26497,18630,677,36,No
CUST02560,24,71768,54686,638,48,No
CUST02561,34,55693,72754,653,60,No
CUST02562,61,69540,55051,667,36,Yes
CUST02563,61,21334,12364,735,60,No
CUST02564,45,57524,47758,670,12,No
CUST02565,30,29298,19680,738,60,No
CUST02566,41,41814,16177,722,60,No
CUST02567,56,63592,97723,726,36,No
CUST02568,32,52092,81905,785,24,No
CUST02569,47,34084,20130,593,36,No
CUST02570,60,50141,17569,645,60,No
CUST02571,22,25099,35018,807,60,No
CUST02572,33,83901,48484,667,36,No
CUST02573,52,45588,39198,468,36,No
CUST02574,51,82712,28900,671,24,No
CUST02575,36,39452,23700,688,36,No
CUST02576,52,39504,58426,482,60,No
CUST02577,52,35451,53064,777,24,No
CUST02578,54,74166,42347,631,60,No
CUST02579,31,36335,28002,702,60,No
CUST02580,30,66826,30611,666,60,No
CUST02581,35,42095,15363,582,24,No
CUST02582,37,20550,36741,594,24,No
CUST02583,60,38682,48978,608,12,No
CUST02584,38,29413,32068,757,48,Yes
CUST02585,29,50769,72931,669,36,No
CUST02586,45,29263,45420,637,24,No
CUST02587,60,75847,113801,615,48,No
CUST02588,34,47992,13228,769,24,No
CUST02589,45,46160,24906,789,24,No
CUST02590,42,67166,84972,772,36,No
CUST02591,50,77152,64223,722,12,No
CUST02592,40,49550,87845,702,24,No
CUST02593,41,35339,45283,586,36,No
CUST02594,64,22505,38993,656,60,No
CUST02595,52,36719,20645,626,48,No
CUST02596,41,37874,60187,541,36,Yes
CUST02597,55,52468,39251,760,48,No
CUST02598,52,42807,76360,626,36,No
CUST02599,50,68142,33691,773,36,No
CUST02600,59,37947,39857,744,48,No
CUST02601,32,48733,72072,722,48,No
CUST02602,61,85184,78420,733,36,No
CUST02603,38,58314,56887,636,36,No
CUST02604,41,48667,86571,819,48,No
CUST02605,33,38136,34674,681,36,No
CUST02606,41,37602,44608,700,60,No
CUST02607,28,34098,11407,628,24,No
CUST02608,60,39196,60966,608,60,Yes
CUST02609,27,70251,88141,720,36,No
CUST02610,43,45249,39649,695,24,No
CUST02611,64,27238,7492,616,36,No
CUST02612,52,110797,129310,584,36,No
CUST02613,31,57743,15569,586,60,No
CUST02614,42,26547,6686,765,36,No
CUST02615,42,40984,49384,632,48,No
CUST02616,63,52558,28538,655,36,No
CUST02617,45,107672,58942,800,24,No
CUST02618,42,30367,38340,592,36,No
CUST02619,48,77575,25850,631,36,No
CUST02620,49,93859,69059,631,48,No
CUST02621,33,37680,18147,799,36,No
CUST02622,38,44130,50717,828,60,No
CUST02623,22,31365,40013,733,48,Yes
CUST02624,49,45625,62404,738,60,No
CUST02625,41,49183,31753,636,24,No
CUST02626,35,67280,26127,830,12,No
CUST02627,47,81663,30375,706,36,No
CUST02628,51,35708,32513,741,24,No
CUST02629,35,20630,35402,666,36,No
CUST02630,43,49524,29094,660,36,No
CUST02631,44,57061,36973,806,36,No
CUST02632,64,55939,22732,722,48,No
CUST02633,33,43165,51307,787,60,No
CUST02634,42,52887,68954,700,60,Yes
CUST02635,63,98887,123267,626,24,No
CUST02636,57,59371,94088,638,36,No
CUST02637,53,42267,42434,686,24,No
CUST02638,23,39922,18301,631,24,No
CUST02639,39,46321,32359,596,36,No
CUST02640,43,104434,133338,781,36,No
CUST02641,49,46041,55265,638,24,Yes
CUST02642,50,49557,53177,690,48,No
CUST02643,59,40245,52664,700,48,No
CUST02644,64,81987,101496,642,12,No
CUST02645,45,120777,195182,803,36,No
CUST02646,57,61240,70936,598,60,No
CUST02647,28,51898,75607,700,36,No
CUST02648,62,50835,32305,699,36,No
CUST02649,36,18000,23421,670,24,No
CUST02650,28,69919,115255,587,24,No
CUST02651,21,53112,45033,746,12,No
CUST02652,64,60629,88374,738,60,Yes
CUST02653,25,36302,49858,627,12,No
CUST02654,23,42057,14395,731,24,No
CUST02655,21,41557,47846,706,12,No
CUST02656,24,79182,35774,590,48,Yes
CUST02657,60,42165,73761,614,12,No
CUST02658,55,127641,192442,781,36,No
CUST02659,52,60698,25498,705,36,No
CUST02660,62,28162,12355,633,36,No
CUST02661,54,47190,55280,615,24,No
CUST02662,63,37292,29258,639,24,No
CUST02663,45,18626,5664,640,48,No
CUST02664,30,102697,111893,627,60,No
CUST02665,41,68610,58398,553,36,No
CUST02666,59,63559,25847,768,12,No
CUST02667,47,53864,80418,754,12,No
CUST02668,47,26846,44789,580,48,No
CUST02669,22,40221,57223,688,36,No
CUST02670,61,73027,111348,617,48,No
CUST02671,33,31155,18243,657,48,No
CUST02672,29,18000,11854,648,60,No
CUST02673,56,45143,25877,647,60,No
CUST02674,42,46910,67356,830,48,No
CUST02675,62,53145,91371,648,36,No
CUST02676,46,69398,94457,623,36,No
CUST02677,32,66616,107670,626,36,No
CUST02678,37,56175,69656,760,36,Yes
CUST02679,34,85628,72859,563,36,No
CUST02680,34,25241,22968,618,24,No
CUST02681,54,62745,23012,791,48,No
CUST02682,40,66285,19803,702,36,No
CUST02683,31,28623,38011,690,36,No
CUST02684,36,25425,23634,835,24,No
CUST02685,51,35743,39529,696,36,No
CUST02686,26,37126,41372,624,24,No
CUST02687,39,70180,47718,663,60,No
CUST02688,57,37920,37451,592,36,No
CUST02689,24,34010,33319,771,24,No
CUST02690,24,37970,32353,721,12,No
CUST02691,40,82716,125898,771,48,No
CUST02692,30,50294,47744,771,24,No
CUST02693,44,46125,54688,648,60,No
CUST02694,55,47585,77947,609,36,No
CUST02695,46,89429,142430,684,24,No
CUST02696,57,35691,58182,612,48,No
CUST02697,58,90378,60418,700,24,Yes
CUST02698,41,54968,16723,766,60,Yes
CUST02699,60,46518,30453,667,36,Yes
CUST02700,59,154073,105077,712,60,No
CUST02701,41,31093,51599,669,36,No
CUST02702,30,42643,53574,739,60,No
CUST02703,58,28715,10815,626,12,No
CUST02704,24,76756,35295,521,36,Yes
CUST02705,65,106928,52534,727,48,No
CUST02706,40,106005,130084,765,48,Yes
CUST02707,37,86730,120545,721,24,No
CUST02708,27,45746,72391,631,36,No
CUST02709,24,42422,72456,593,24,No
CUST02710,49,23571,13262,712,36,No
CUST02711,34,124982,91255,706,36,Yes
CUST02712,23,61748,38438,673,36,No
CUST02713,44,40071,32300,815,24,No
CUST02714,57,90890,151580,617,36,No
CUST02715,36,32275,36839,810,24,No
CUST02716,24,60040,83708,684,60,No
CUST02717,44,46263,46711,542,24,No
CUST02718,54,66648,19643,670,60,No
CUST02719,50,48590,16982,752,36,No
CUST02720,38,26026,28206,648,36,No
CUST02721,39,51730,70566,570,24,Yes
CUST02722,51,80159,46794,674,36,No
CUST02723,39,49347,67554,616,48,No
CUST02724,39,70868,106765,721,36,Yes
CUST02725,42,31235,27750,734,12,No
CUST02726,44,49413,69522,601,60,No
CUST02727,65,37750,33078,625,60,No
CUST02728,32,69977,91071,741,36,No
CUST02729,50,50714,72734,616,36,No
CUST02730,58,68208,121921,602,36,No
CUST02731,51,81573,64065,598,36,No
CUST02732,56,68255,60550,710,12,Yes
CUST02733,39,56539,28649,704,36,No
CUST02734,65,31907,18069,625,60,No
CUST02735,56,49937,66155,680,12,Yes
CUST02736,50,39336,65747,792,36,No
CUST02737,53,42828,36902,606,60,No
CUST02738,38,42245,22337,532,24,Yes
CUST02739,48,32171,22259,711,24,No
CUST02740,31,20723,19797,666,48,No
CUST02741,65,37016,25930,624,24,No
CUST02742,53,54546,33385,730,24,No
CUST02743,37,27258,37910,738,36,No
CUST02744,26,50354,13201,514,36,No
CUST02745,24,117583,127672,645,60,No
CUST02746,40,79233,117292,850,36,No
CUST02747,47,104754,69416,735,36,No
CUST02748,35,59622,70658,733,36,No
CUST02749,26,84555,108805,775,60,No
CUST02750,34,36098,45674,678,24,No
CUST02751,31,37415,35210,737,24,No
CUST02752,59,18000,14170,727,60,No
CUST02753,29,85267,131796,727,60,No
CUST02754,46,100000,142559,666,24,No
CUST02755,36,38982,29156,691,24,No
CUST02756,25,44600,18272,635,36,No
CUST02757,30,35616,12868,678,12,No
CUST02758,23,59395,23528,594,48,No
CUST02759,33,82950,95678,627,12,No
CUST02760,63,22823,7533,653,12,No
CUST02761,50,60116,46424,611,36,No
CUST02762,65,44147,62577,641,60,No
CUST02763,26,52618,37161,668,36,No
CUST02764,37,61471,88096,712,36,No
CUST02765,65,45940,64567,750,60,No
CUST02766,39,47723,30115,645,36,No
CUST02767,62,45412,62654,779,36,Yes
CUST02768,55,77375,109026,756,36,No
CUST02769,46,60368,52282,720,24,No
CUST02770,25,55218,31814,693,36,No
CUST02771,49,28222,29858,700,36,No
CUST02772,57,42168,70765,767,24,Yes
CUST02773,40,74920,93006,777,24,No
CUST02774,41,50855,26344,780,36,No
CUST02775,30,67277,88017,687,36,No
CUST02776,25,110714,100989,734,12,No
CUST02777,56,79790,93105,787,24,No
CUST02778,26,52141,72361,634,60,No
CUST02779,46,39729,41643,654,36,No
CUST02780,24,18000,27210,675,12,Yes
CUST02781,59,46351,63470,747,48,No
CUST02782,59,43177,51958,747,12,No
CUST02783,55,59602,28831,665,48,No
CUST02784,21,46654,72114,566,48,Yes
CUST02785,44,43287,73616,697,48,No
CUST02786,56,22450,10379,606,48,No
CUST02787,26,32754,32976,565,12,No
CUST02788,61,61962,40354,588,48,No
CUST02789,64,108222,153622,716,24,No
CUST02790,51,47853,65488,782,36,No
CUST02791,40,57948,27141,685,60,No
CUST02792,44,76757,123532,701,36,No
CUST02793,45,34713,18416,766,60,No
CUST02794,56,58974,87621,566,12,No
CUST02795,41,35831,34338,716,36,No
CUST02796,50,73788,55992,684,12,Yes
CUST02797,44,53525,26509,723,36,No
CUST02798,64,57187,29154,645,12,No
CUST02799,62,35158,44859,616,24,No
CUST02800,50,68730,75821,694,24,No
CUST02801,42,127759,56116,819,48,No
CUST02802,48,31768,13491,741,24,No
CUST02803,27,42911,15537,641,60,No
CUST02804,55,55492,77846,581,24,No
CUST02805,48,71229,96403,558,12,No
CUST02806,34,38870,13238,776,36,No
CUST02807,30,18000,20132,602,60,No
CUST02808,36,92172,35140,664,24,No
CUST02809,36,70404,116223,783,24,No
CUST02810,51,22821,37792,554,48,Yes
CUST02811,62,38039,50678,790,36,No
CUST02812,45,101261,170685,671,48,No
CUST02813,33,95922,144627,603,24,No
CUST02814,26,76280,117031,667,36,No
CUST02815,64,46190,52335,625,24,No
CUST02816,29,51903,37598,713,36,No
CUST02817,65,47139,27698,631,48,No
CUST02818,56,83074,62900,543,48,Yes
CUST02819,63,33713,41270,660,36,No
CUST02820,40,34793,18009,575,60,No
CUST02821,38,78779,51277,701,24,No
CUST02822,63,49012,47811,591,24,No
CUST02823,41,92975,56829,652,36,No
CUST02824,24,36960,42962,691,36,No
CUST02825,53,48783,82000,664,12,No
CUST02826,47,33014,46535,695,36,No
CUST02827,27,50166,64361,731,36,No
CUST02828,26,25705,29643,588,48,No
CUST02829,35,40149,40403,673,60,No
CUST02830,38,26199,14126,426,36,No
CUST02831,52,68326,111836,702,12,No
CUST02832,31,69026,43847,661,36,Yes
CUST02833,40,22952,8986,601,48,No
CUST02834,44,91129,128722,712,24,No
CUST02835,35,153832,80332,789,36,No
CUST02836,27,51046,42186,645,60,No
CUST02837,41,37469,11010,607,24,No
CUST02838,62,178212,82415,718,24,Yes
CUST02839,46,27619,14320,575,24,No
CUST02840,64,50454,16869,631,36,No
CUST02841,34,54209,68727,773,60,No
CUST02842,57,91592,141726,693,36,No
CUST02843,41,58786,48712,541,36,No
CUST02844,38,39950,64143,543,36,Yes
CUST02845,25,32589,18924,689,36,No
CUST02846,23,42871,32340,743,36,No
CUST02847,43,31782,15371,555,24,No
CUST02848,46,51088,61912,714,36,No
CUST02849,57,38789,34941,778,36,No
CUST02850,44,25526,30646,817,12,No
CUST02851,39,87956,125830,712,36,No
CUST02852,45,39968,43799,716,60,Yes
CUST02853,41,28258,34555,516,36,No
CUST02854,32,46354,78785,837,60,No
CUST02855,61,51562,36792,637,12,No
CUST02856,53,22785,18381,605,48,No
CUST02857,24,58048,79087,662,24,No
CUST02858,62,31212,37377,790,24,No
CUST02859,27,107984,56878,850,36,No
CUST02860,42,63295,52727,692,36,No
CUST02861,53,41765,40727,753,48,No
CUST02862,37,35755,32181,680,36,No
CUST02863,44,47693,25102,602,36,No
CUST02864,54,65876,110861,794,60,No
CUST02865,48,49430,70764,633,36,No
CUST02866,63,45345,45168,794,24,No
CUST02867,61,51331,66940,778,24,No
CUST02868,59,38103,62519,724,36,No
CUST02869,42,42845,19755,816,48,No
CUST02870,37,19559,12480,841,12,No
CUST02871,54,77494,84560,672,24,No
CUST02872,26,57196,85134,621,24,No
CUST02873,26,35303,10810,537,36,No
CUST02874,54,117502,208593,850,24,No
CUST02875,21,51997,49663,647,24,No
CUST02876,30,31367,25307,761,36,No
CUST02877,41,73520,51738,629,48,Yes
CUST02878,25,59808,31115,797,36,No
CUST02879,22,59715,88195,629,36,No
CUST02880,42,41282,71455,589,12,No
CUST02881,22,61237,54571,667,60,No
CUST02882,30,44444,76722,639,36,No
CUST02883,54,64212,98044,728,60,No
CUST02884,36,21217,21124,670,60,No
CUST02885,59,41132,53255,725,48,No
CUST02886,42,108526,100302,670,12,No
CUST02887,32,35405,39513,627,36,No
CUST02888,44,38103,12954,634,12,No
CUST02889,60,40872,54327,832,60,Yes
CUST02890,58,28944,9606,693,48,No
CUST02891,30,18510,28070,525,60,No
CUST02892,55,45072,68900,640,36,No
CUST02893,52,53152,32820,688,36,No
CUST02894,27,48832,36706,818,36,No
CUST02895,41,46844,46658,757,36,No
CUST02896,40,50978,59890,611,36,No
CUST02897,46,79226,55094,850,36,No
CUST02898,24,45893,53619,677,60,No
CUST02899,42,38617,27479,771,36,No
CUST02900,35,44058,14804,592,60,Yes
CUST02901,60,64892,16477,503,60,No
CUST02902,41,94390,38396,583,36,No
CUST02903,35,37689,55704,434,36,Yes
CUST02904,42,52276,90972,839,36,No
CUST02905,48,58223,53088,698,36,No
CUST02906,34,31988,33417,607,12,No
CUST02907,47,50462,24101,714,36,Yes
CUST02908,61,25854,28545,689,60,No
CUST02909,60,22555,10696,721,12,No
CUST02910,48,58972,70612,773,48,No
CUST02911,46,42068,71371,657,60,No
CUST02912,22,54765,30303,615,36,No
CUST02913,45,49599,71178,742,36,No
CUST02914,23,32222,9229,737,48,No
CUST02915,28,48992,40762,687,36,No
CUST02916,64,28707,12105,839,12,No
CUST02917,53,93500,74458,656,60,No
CUST02918,62,27162,14097,608,36,No
CUST02919,55,45783,37937,711,48,No
CUST02920,26,31281,28064,626,36,No
CUST02921,59,64632,46271,720,12,No
CUST02922,43,43072,54605,616,60,No
CUST02923,45,39592,66286,648,48,No
CUST02924,63,73403,63928,826,24,No
CUST02925,39,50667,27772,650,60,No
CUST02926,25,63087,42244,623,48,No
CUST02927,31,32150,50594,764,36,Yes
CUST02928,32,26572,30187,596,36,No
CUST02929,30,52471,50124,629,24,No
CUST02930,28,43317,20876,722,36,No
CUST02931,44,66282,62774,754,12,Yes
CUST02932,48,48234,32879,771,36,Yes
CUST02933,61,54834,93870,625,36,No
CUST02934,56,24083,39022,720,60,No
CUST02935,57,116959,44450,658,48,No
CUST02936,41,46438,48798,634,24,No
CUST02937,28,68439,40984,774,60,No
CUST02938,29,34322,30433,636,36,Yes
CUST02939,35,57433,92416,702,36,No
CUST02940,60,27820,29702,687,24,No
CUST02941,38,61280,47065,602,60,No
CUST02942,62,42599,24376,751,60,No
CUST02943,40,50661,75510,722,48,Yes
CUST02944,26,68451,83374,535,60,No
CUST02945,32,28714,28011,697,36,No
CUST02946,22,36745,21573,619,60,No
CUST02947,27,61425,47179,765,36,No
CUST02948,36,128538,223368,587,24,No
CUST02949,23,46988,49626,653,48,No
CUST02950,65,65237,56827,710,48,No
CUST02951,23,47650,50423,684,24,No
CUST02952,47,119825,174637,751,12,No
CUST02953,63,22778,17702,561,24,Yes
CUST02954,60,52175,27496,804,36,No
CUST02955,58,24059,27828,714,24,No
CUST02956,53,18000,23059,776,24,No
CUST02957,48,57162,77438,747,36,No
CUST02958,21,53239,86092,680,60,No
CUST02959,28,43985,36302,582,48,No
CUST02960,57,47667,17484,637,36,No
CUST02961,52,180000,250000,825,60,No
CUST02962,63,44516,41145,783,36,No
CUST02963,57,62902,76492,636,36,No
CUST02964,24,37330,47886,466,36,Yes
CUST02965,50,57104,62649,665,36,No
CUST02966,26,44917,25520,657,24,No
CUST02967,39,41566,59043,660,36,Yes
CUST02968,52,113355,169558,732,36,No
CUST02969,29,84924,94020,753,36,No
CUST02970,32,53173,53560,755,48,No
CUST02971,31,18000,7679,707,36,Yes
CUST02972,36,42503,16156,543,48,No
CUST02973,21,168744,131000,678,36,No
CUST02974,65,45070,32983,850,60,No
CUST02975,41,82144,141959,714,36,Yes
CUST02976,50,95669,140118,717,60,Yes
CUST02977,33,55178,70235,708,60,No
CUST02978,54,34233,36025,708,36,No
CUST02979,24,18000,9170,495,48,Yes
CUST02980,48,68026,120175,666,12,No
CUST02981,58,34653,28807,674,60,No
CUST02982,51,54125,22502,777,24,No
CUST02983,47,28491,28929,679,36,No
CUST02984,25,44375,71208,555,36,Yes
CUST02985,45,50764,82507,712,36,No
CUST02986,23,56424,15065,621,36,Yes
CUST02987,53,30276,49161,585,60,Yes
CUST02988,24,85681,57475,625,36,Yes
CUST02989,45,38222,11864,718,60,No
CUST02990,40,23536,36812,769,36,No
CUST02991,54,47606,75646,716,24,No
CUST02992,46,50779,59623,728,24,No
CUST02993,25,53747,61292,716,48,No
CUST02994,55,92294,139395,696,12,No
CUST02995,48,44953,66026,731,36,Yes
CUST02996,49,47380,77213,498,24,No
CUST02997,29,30435,33684,684,36,No
CUST02998,58,72332,126570,606,48,No
CUST02999,26,54324,97459,768,36,No
CUST03000,39,41389,17824,667,24,No
CUST03001,64,21219,33246,677,24,No
CUST03002,31,95776,98144,576,36,No
CUST03003,22,28777,24481,752,12,No
CUST03004,64,38319,45993,725,36,No
CUST03005,64,58749,19784,724,36,No
CUST03006,29,29183,30205,615,12,Yes
CUST03007,41,25532,40848,617,36,No
CUST03008,44,19226,11168,691,36,No
CUST03009,54,69163,63001,632,36,No
CUST03010,42,39122,66750,710,36,No
CUST03011,23,180000,164569,544,36,No
CUST03012,32,31962,25744,640,36,No
CUST03013,48,33028,30810,811,48,Yes
CUST03014,50,38768,40906,711,24,No
CUST03015,46,55781,68588,694,36,No
CUST03016,41,40465,60336,827,36,No
CUST03017,48,65863,62620,508,36,Yes
CUST03018,46,32190,48835,615,48,No
CUST03019,53,26851,28926,645,36,No
CUST03020,41,22261,17244,739,36,Yes
CUST03021,55,18383,23343,739,48,No
CUST03022,54,39602,53957,613,60,No
CUST03023,61,43667,48688,754,60,No
CUST03024,38,37633,12711,647,36,No
CUST03025,31,87493,44912,778,60,No
CUST03026,43,86889,60146,610,12,No
CUST03027,42,43007,29592,669,36,No
CUST03028,37,22304,28857,638,24,No
CUST03029,25,38745,10788,757,12,No
CUST03030,64,38172,54254,638,36,No
CUST03031,31,37200,24600,674,48,No
CUST03032,50,36527,26684,715,36,No
CUST03033,35,37262,39806,718,48,No
CUST03034,47,42017,24567,745,36,No
CUST03035,55,37563,60887,693,36,No
CUST03036,53,54914,20995,650,24,No
CUST03037,40,58803,55204,656,36,No
CUST03038,36,33189,51994,679,36,Yes
CUST03039,54,88589,106711,706,36,No
CUST03040,22,32169,22618,665,24,No
CUST03041,55,24143,21781,676,12,Yes
CUST03042,60,59345,79841,568,48,No
CUST03043,48,34612,60867,727,36,No
CUST03044,59,57778,94430,695,36,No
CUST03045,26,18000,14054,749,24,No
CUST03046,29,93562,168150,689,36,No
CUST03047,40,67664,17284,553,48,No
CUST03048,21,25452,7453,648,60,No
CUST03049,28,25702,39246,660,48,No
CUST03050,43,106117,59337,747,12,No
CUST03051,23,35881,12350,522,48,No
CUST03052,24,34351,21214,680,24,No
CUST03053,45,18035,16420,712,36,No
CUST03054,58,42699,59026,629,24,No
CUST03055,35,45130,54956,685,48,No
CUST03056,41,68992,42659,637,36,No
CUST03057,55,26641,27442,621,36,No
CUST03058,34,25226,42522,644,48,No
CUST03059,56,61250,92687,629,24,No
CUST03060,32,78653,59064,737,36,No
CUST03061,37,24656,43703,620,36,No
CUST03062,59,81345,109682,619,36,No
CUST03063,29,50852,17635,813,48,No
CUST03064,55,81723,24885,758,24,No
CUST03065,33,48445,24757,540,48,Yes
CUST03066,35,18000,24807,616,36,Yes
CUST03067,38,46695,24972,698,48,No
CUST03068,53,80567,84016,710,36,No
CUST03069,26,33443,13195,565,60,Yes
CUST03070,47,41990,70433,765,24,No
CUST03071,43,46190,36173,741,48,No
CUST03072,47,18000,29837,710,36,No
CUST03073,54,106073,181868,793,24,No
CUST03074,58,33328,8649,711,12,No
CUST03075,34,62778,60858,716,48,No
CUST03076,56,48087,13859,796,24,No
CUST03077,28,88054,146035,770,24,No
CUST03078,55,60024,63237,619,60,No
CUST03079,39,44984,16471,726,48,No
CUST03080,50,33446,14078,627,24,Yes
CUST03081,34,71597,60459,722,36,No
CUST03082,40,21520,36742,710,36,No
CUST03083,45,66865,88530,580,60,No
CUST03084,60,30492,48629,667,48,No
CUST03085,44,87843,71856,707,60,Yes
CUST03086,34,53764,17042,648,24,No
CUST03087,46,66812,117602,707,36,Yes
CUST03088,58,51879,14351,741,12,Yes
CUST03089,43,22725,39061,672,12,Yes
CUST03090,42,33943,27882,694,48,No
CUST03091,39,67667,17975,787,12,No
CUST03092,23,53894,71043,716,36,No
CUST03093,62,85069,150558,702,60,No
CUST03094,39,59949,104714,610,36,No
CUST03095,29,32363,16164,727,12,No
CUST03096,48,34946,18554,702,48,Yes
CUST03097,40,52370,58999,777,60,No
CUST03098,65,18000,22281,677,48,No
CUST03099,27,106173,148228,555,36,No
CUST03100,34,60996,32366,555,24,No
CUST03101,29,86851,150813,743,12,Yes
CUST03102,39,24551,30444,632,48,No
CUST03103,34,87538,136815,720,24,No
CUST03104,58,136483,148371,706,60,No
CUST03105,56,27595,24618,663,36,No
CUST03106,60,70750,124848,677,36,No
CUST03107,37,50025,57643,615,48,No
CUST03108,50,24954,39768,674,48,No
CUST03109,29,62416,107830,639,36,No
CUST03110,53,72758,94353,657,60,No
CUST03111,45,38150,41998,653,60,No
CUST03112,34,84494,21583,670,60,No
CUST03113,31,23617,7369,744,60,No
CUST03114,55,25518,14324,665,48,No
CUST03115,61,53170,28622,757,48,No
CUST03116,34,50574,32614,795,24,No
CUST03117,50,36218,26173,741,24,No
CUST03118,61,71977,58165,724,12,No
CUST03119,24,63493,57260,707,24,No
CUST03120,24,73566,29665,750,36,Yes
CUST03121,48,47305,14932,686,24,No
CUST03122,28,65574,84893,757,60,No
CUST03123,22,40914,44305,724,60,Yes
CUST03124,61,125995,118237,668,12,No
CUST03125,42,34687,42782,744,24,No
CUST03126,61,128948,197665,703,60,No
CUST03127,36,50791,46368,672,60,No
CUST03128,49,26925,33488,640,60,No
CUST03129,50,92542,159916,701,60,No
CUST03130,32,52915,82093,755,60,No
CUST03131,55,73334,66756,751,36,No
CUST03132,31,86726,108348,714,24,No
CUST03133,41,58213,30530,727,48,Yes
CUST03134,41,38302,42853,773,24,No
CUST03135,25,77563,137369,674,60,Yes
CUST03136,40,50017,52687,596,36,No
CUST03137,57,68078,114905,781,48,No
CUST03138,23,18970,16720,634,24,No
CUST03139,64,61140,109943,630,36,No
CUST03140,53,37512,43056,543,36,No
CUST03141,29,105216,33197,734,60,Yes
CUST03142,29,66182,76736,562,24,No
CUST03143,24,55699,37630,625,60,No
CUST03144,55,62232,18691,727,60,No
CUST03145,37,31904,48568,731,48,No
CUST03146,54,103802,70313,642,48,No
CUST03147,44,122504,181876,684,36,No
CUST03148,52,59670,41574,616,24,No
CUST03149,21,102279,56377,649,24,Yes
CUST03150,28,38703,68102,698,60,No
CUST03151,65,34929,28312,639,48,No
CUST03152,43,50929,60205,662,24,Yes
CUST03153,60,60810,72697,572,36,No
CUST03154,32,41877,46849,763,36,No
CUST03155,32,63689,106219,721,24,No
CUST03156,35,57392,74345,741,36,No
CUST03157,61,31906,27943,773,24,No
CUST03158,39,63148,100196,621,12,No
CUST03159,46,73745,39133,658,36,No
CUST03160,49,54011,59065,539,36,Yes
CUST03161,42,83991,144746,850,12,No
CUST03162,60,28910,35252,665,36,No
CUST03163,41,61720,93586,760,24,No
CUST03164,58,29530,37297,583,12,No
CUST03165,40,30286,46974,751,24,No
CUST03166,49,37641,64515,817,24,No
CUST03167,24,32724,22024,672,24,No
CUST03168,27,39073,20043,602,60,No
CUST03169,48,45407,45415,669,36,No
CUST03170,48,72875,97498,518,24,No
CUST03171,24,43272,26056,676,24,Yes
CUST03172,42,24496,6280,736,24,Yes
CUST03173,32,83517,65273,684,48,No
CUST03174,65,34306,60095,656,36,No
CUST03175,23,48696,64629,719,24,No
CUST03176,42,61128,53307,728,36,No
CUST03177,64,54699,30002,556,36,No
CUST03178,22,81810,65607,693,12,No
CUST03179,44,62027,31835,850,36,No
CUST03180,54,33935,14075,577,36,No
CUST03181,47,133270,220622,690,12,No
CUST03182,61,54569,98025,827,48,No
CUST03183,21,46792,23601,762,48,No
CUST03184,28,77153,25808,647,36,No
CUST03185,43,55940,42575,697,36,No
CUST03186,58,59840,57780,682,36,No
CUST03187,26,153470,87090,645,36,Yes
CUST03188,42,44178,31685,673,48,No
CUST03189,45,43338,24328,658,36,No
CUST03190,38,52693,76410,689,12,No
CUST03191,37,80980,109687,630,36,No
CUST03192,32,25383,31327,579,48,No
CUST03193,26,20646,17553,671,36,Yes
CUST03194,46,38391,63691,806,60,No
CUST03195,47,23969,42012,681,60,Yes
CUST03196,28,41299,21440,653,24,No
CUST03197,39,62687,37341,739,60,No
CUST03198,62,33488,35656,665,36,No
CUST03199,21,26310,10299,815,48,No
CUST03200,49,51585,47793,680,60,No
CUST03201,65,73712,84900,737,36,No
CUST03202,55,23319,24700,618,36,No
CUST03203,60,72322,55175,722,60,No
CUST03204,34,72227,78785,705,24,No
CUST03205,55,76812,133356,681,24,No
CUST03206,65,86517,49256,650,36,No
CUST03207,40,134684,170374,649,60,Yes
CUST03208,33,42597,13515,700,60,Yes
CUST03209,58,52527,18539,728,24,No
CUST03210,28,41456,45823,669,60,No
CUST03211,63,50044,20651,702,24,No
CUST03212,40,99665,28368,687,60,No
CUST03213,53,27297,14081,683,36,No
CUST03214,46,33939,38199,662,12,No
CUST03215,59,92921,124531,690,12,No
CUST03216,41,79126,44615,850,24,No
CUST03217,62,42462,54598,702,24,No
CUST03218,63,73443,39133,733,48,No
CUST03219,61,58298,70008,715,24,No
CUST03220,29,98214,87267,670,60,No
CUST03221,44,51705,65324,777,36,No
CUST03222,57,79325,142177,664,48,No
CUST03223,61,164174,250000,782,24,No
CUST03224,37,65442,16795,658,60,No
CUST03225,44,51122,82942,608,48,No
CUST03226,41,69209,24435,711,60,No
CUST03227,59,42421,73270,596,60,No
CUST03228,61,146439,100579,739,24,No
CUST03229,59,54220,45662,591,12,No
CUST03230,33,44221,17336,655,60,No
CUST03231,31,34328,14556,569,60,No
CUST03232,39,81922,112761,850,36,No
CUST03233,31,73866,126585,561,36,No
CUST03234,33,39973,47834,679,48,Yes
CUST03235,65,64808,88111,769,36,No
CUST03236,21,25360,36292,753,24,No
CUST03237,60,54340,35721,745,36,No
CUST03238,64,61299,19622,658,24,No
CUST03239,39,107805,27264,793,36,No
CUST03240,32,35345,28046,746,60,No
CUST03241,28,28128,17559,692,60,No
CUST03242,28,33418,11582,695,60,No
CUST03243,65,27401,14475,653,60,No
CUST03244,32,91242,40418,620,36,No
CUST03245,53,100375,167432,783,60,No
CUST03246,65,57750,26993,780,60,No
CUST03247,46,86626,93847,621,60,No
CUST03248,59,53107,62099,669,48,No
CUST03249,48,47905,52332,669,24,No
CUST03250,25,43041,17369,676,12,No
CUST03251,28,43482,32357,684,24,No
CUST03252,45,24916,8209,746,60,No
CUST03253,47,56314,48615,625,36,No
CUST03254,43,49101,26629,616,60,No
CUST03255,50,69926,78354,777,36,No
CUST03256,65,52149,69038,646,48,No
CUST03257,43,46470,49945,585,12,No
CUST03258,40,33784,31185,640,24,No
CUST03259,38,51650,43921,656,36,No
CUST03260,38,69702,108360,801,36,No
CUST03261,22,29890,17636,745,24,No
CUST03262,24,52007,72188,766,48,No
CUST03263,50,55528,79077,743,36,No
CUST03264,53,36194,32566,748,60,No
CUST03265,56,38378,27280,626,12,No
CUST03266,38,55468,54322,666,48,No
CUST03267,57,30024,11844,602,24,No
CUST03268,39,58527,18798,666,48,No
CUST03269,48,33419,14136,728,36,No
CUST03270,60,80665,43565,696,48,No
CUST03271,40,143172,147678,797,60,No
CUST03272,53,33943,53160,591,12,No
CUST03273,32,63587,39122,720,12,No
CUST03274,35,36053,61272,584,48,No
CUST03275,61,79874,138191,693,36,Yes
CUST03276,59,28294,49127,731,24,No
CUST03277,22,62072,96101,666,36,No
CUST03278,49,33757,27476,718,12,No
CUST03279,61,45553,16520,607,24,No
CUST03280,30,31439,35579,552,36,No
CUST03281,22,72391,80785,726,60,No
CUST03282,31,34308,53777,808,36,Yes
CUST03283,33,64098,114978,608,36,No
CUST03284,30,42827,44439,770,60,No
CUST03285,34,47490,37283,683,36,No
CUST03286,38,53438,28758,581,48,No
CUST03287,29,35488,9136,592,60,No
CUST03288,59,54965,57116,682,24,No
CUST03289,48,99551,110607,660,36,No
CUST03290,23,35229,53853,579,60,No
CUST03291,40,84719,87438,560,60,Yes
CUST03292,26,98118,163909,626,24,Yes
CUST03293,47,34631,42372,691,12,No
CUST03294,22,25978,40331,675,24,No
CUST03295,49,57277,27485,644,36,No
CUST03296,58,39083,61586,693,36,No
CUST03297,23,115919,150286,771,36,No
CUST03298,36,50789,26098,710,60,No
CUST03299,50,34849,18963,668,36,No
CUST03300,60,29839,50311,746,60,No
CUST03301,22,81653,24490,614,12,Yes
CUST03302,37,38667,37388,661,12,No
CUST03303,61,50996,37527,665,36,No
CUST03304,32,76871,98462,593,12,No
CUST03305,55,40210,62383,647,36,No
CUST03306,63,48977,39602,524,60,Yes
CUST03307,21,49629,45247,823,24,No
CUST03308,65,68001,120496,613,48,No
CUST03309,35,65226,95561,802,36,No
CUST03310,46,45285,74298,682,12,No
CUST03311,57,51453,47855,723,36,No
CUST03312,41,42297,25920,642,60,No
CUST03313,51,25716,22846,691,36,No
CUST03314,45,56145,76354,730,36,No
CUST03315,43,117156,49161,743,60,No
CUST03316,44,33594,22482,735,48,No
CUST03317,58,35310,11380,649,24,No
CUST03318,48,33791,31092,641,48,No
CUST03319,41,69275,106167,564,36,Yes
CUST03320,63,61181,17634,721,48,No
CUST03321,38,46557,60373,760,36,No
CUST03322,56,33080,56083,798,24,No
CUST03323,55,52122,32172,703,36,No
CUST03324,65,24728,32768,617,36,No
CUST03325,29,53334,93943,553,36,No
CUST03326,58,74011,128892,763,60,Yes
CUST03327,50,28474,17487,541,60,No
CUST03328,64,25088,10174,649,36,No
CUST03329,54,101776,48836,674,36,No
CUST03330,52,37968,50807,672,36,No
CUST03331,23,83363,114618,689,36,No
CUST03332,23,46652,60417,690,60,No
CUST03333,48,46486,35837,498,36,No
CUST03334,64,60905,31254,683,24,No
CUST03335,35,33590,38635,509,36,No
CUST03336,61,53072,53056,736,36,No
CUST03337,43,42113,58103,637,36,No
CUST03338,60,27600,25781,514,36,No
CUST03339,31,58200,45099,621,24,No
CUST03340,52,44413,31306,636,12,No
CUST03341,56,46589,26918,769,36,No
CUST03342,53,29004,19198,691,36,No
CUST03343,44,102325,40622,716,12,No
CUST03344,59,74184,58429,773,60,No
CUST03345,54,77161,23664,678,36,Yes
CUST03346,48,43579,23487,735,60,No
CUST03347,57,22963,32320,726,24,No
CUST03348,27,120402,90841,598,12,No
CUST03349,24,48644,62545,790,36,No
CUST03350,57,35697,48590,571,24,No
CUST03351,21,60315,69413,751,60,No
CUST03352,21,84540,146760,573,12,No
CUST03353,40,49484,14015,725,36,No
CUST03354,39,88888,123991,827,60,No
CUST03355,49,81400,141320,670,36,No
CUST03356,30,30804,48871,657,12,No
CUST03357,38,36922,18839,723,36,No
CUST03358,48,76931,58204,661,36,No
CUST03359,55,18000,9311,810,24,No
CUST03360,63,46748,55257,694,36,No
CUST03361,51,26263,35557,651,60,No
CUST03362,47,40349,29917,638,60,No
CUST03363,31,43709,47478,609,12,No
CUST03364,58,42556,56213,631,24,No
CUST03365,25,38998,35218,651,24,No
CUST03366,28,30518,48027,640,36,No
CUST03367,54,140244,202779,649,36,No
CUST03368,32,115860,40578,850,60,No
CUST03369,58,29639,35945,599,48,Yes
CUST03370,21,101898,62642,701,24,No
CUST03371,51,41774,46543,723,36,No
CUST03372,24,52993,91846,728,24,No
CUST03373,65,48596,78363,675,24,No
CUST03374,25,37156,32586,659,24,No
CUST03375,50,77848,54637,719,24,No
CUST03376,44,52914,32454,701,36,Yes
CUST03377,23,40349,43391,659,36,No
CUST03378,31,27798,11872,558,24,Yes
CUST03379,65,33445,36836,642,60,No
CUST03380,24,23889,6022,589,36,No
CUST03381,46,50276,37806,630,12,No
CUST03382,47,29181,17243,678,24,No
CUST03383,63,44368,77883,706,36,Yes
CUST03384,47,92626,127567,822,60,No
CUST03385,62,85773,67929,647,36,No
CUST03386,26,49279,19411,738,60,No
CUST03387,35,48078,50532,703,36,No
CUST03388,50,116509,67674,791,36,No
CUST03389,62,63204,68353,726,36,No
CUST03390,57,43143,66648,603,48,No
CUST03391,57,26320,31702,546,36,No
CUST03392,62,59696,73568,705,60,No
CUST03393,57,72618,79052,645,12,No
CUST03394,55,37629,63490,604,36,No
CUST03395,43,57001,96585,586,36,No
CUST03396,26,42454,44353,691,36,No
CUST03397,24,46026,33319,792,24,No
CUST03398,38,18000,17322,643,36,No
CUST03399,29,45251,24398,723,36,No
CUST03400,49,77342,95621,678,48,No
CUST03401,33,37633,38579,581,48,No
CUST03402,37,51196,20996,735,48,No
CUST03403,65,35582,19796,595,36,No
CUST03404,52,58805,58419,683,60,No
CUST03405,42,45358,73741,653,60,No
CUST03406,24,32765,36956,744,24,No
CUST03407,25,91074,118977,609,24,No
CUST03408,57,75948,58897,715,36,Yes
CUST03409,61,38085,43253,615,36,No
CUST03410,33,62554,59016,644,60,No
CUST03411,54,63679,80977,410,48,No
CUST03412,65,66757,21922,840,60,No
CUST03413,42,23327,23668,716,24,No
CUST03414,43,78649,55746,628,36,No
CUST03415,23,38693,29236,593,24,No
CUST03416,62,42564,74037,641,24,No
CUST03417,54,163869,87371,757,48,No
CUST03418,52,57275,41950,540,24,No
CUST03419,65,42021,43716,668,48,No
CUST03420,41,18535,29428,807,36,No
CUST03421,64,93449,83715,604,60,No
CUST03422,41,27294,38293,681,24,No
CUST03423,64,31832,50211,842,48,No
CUST03424,31,43074,31467,726,60,No
CUST03425,59,94576,81218,698,60,No
CUST03426,24,70809,56836,722,48,No
CUST03427,21,46572,71764,649,48,No
CUST03428,48,57441,18309,779,36,No
CUST03429,44,38162,27784,648,48,No
CUST03430,55,53243,69380,534,48,No
CUST03431,33,51678,58212,651,36,No
CUST03432,54,77321,71618,613,48,No
CUST03433,31,77266,83982,664,36,No
CUST03434,56,62447,34737,663,24,No
CUST03435,37,42477,38977,768,36,No
CUST03436,55,69815,71745,736,24,No
CUST03437,38,47973,79004,699,36,No
CUST03438,60,30728,20105,676,12,No
CUST03439,42,41702,66520,599,36,Yes
CUST03440,44,51938,64848,517,60,Yes
CUST03441,39,75311,21202,694,36,No
CUST03442,57,46037,63217,739,12,No
CUST03443,59,29017,8853,668,36,No
CUST03444,41,51293,92119,640,24,Yes
CUST03445,28,52619,84327,715,36,No
CUST03446,48,54361,38644,675,36,Yes
CUST03447,25,75638,49088,812,60,No
CUST03448,37,79086,66530,778,12,No
CUST03449,57,38269,30694,750,48,No
CUST03450,56,37893,31342,734,60,Yes
CUST03451,39,31310,23274,579,60,Yes
CUST03452,47,68476,83045,733,24,No
CUST03453,54,95966,48425,717,36,No
CUST03454,31,43390,67744,724,12,No
CUST03455,65,44852,67692,716,36,No
CUST03456,32,96745,95637,723,24,No
CUST03457,41,62773,98662,850,60,No
CUST03458,31,60845,38519,676,24,No
CUST03459,59,29257,8111,746,36,No
CUST03460,48,67860,82095,648,36,No
CUST03461,25,32914,31590,736,60,No
CUST03462,37,30016,33891,746,48,No
CUST03463,40,42776,70323,706,24,No
CUST03464,61,38414,67355,803,24,No
CUST03465,32,45255,55818,613,24,No
CUST03466,26,26143,37497,639,48,No
CUST03467,37,76976,29243,701,48,No
CUST03468,39,83053,41453,753,36,No
CUST03469,46,20816,28861,688,12,No
CUST03470,64,77659,71339,782,48,No
CUST03471,64,34719,32679,627,36,No
CUST03472,52,73528,53554,599,60,No
CUST03473,26,48483,57763,703,36,No
CUST03474,56,50652,27200,674,36,Yes
CUST03475,58,46004,56204,720,36,No
CUST03476,31,86270,44808,685,24,No
CUST03477,53,28623,9987,650,48,No
CUST03478,44,65730,50090,678,48,No
CUST03479,43,82074,49923,689,24,No
CUST03480,35,69019,112359,661,24,No
CUST03481,47,142328,47705,683,12,No
CUST03482,31,39409,20641,648,60,Yes
CUST03483,37,76923,84655,750,24,No
CUST03484,34,47669,47462,694,36,No
CUST03485,47,87100,27965,850,24,No
CUST03486,38,49827,13017,692,36,No
CUST03487,48,41992,74809,637,48,No
CUST03488,24,89995,114401,850,60,No
CUST03489,27,40078,32719,709,24,No
CUST03490,65,26478,25926,750,48,No
CUST03491,55,39624,26277,722,36,No
CUST03492,29,66062,51829,730,60,No
CUST03493,28,93545,117494,729,24,No
CUST03494,65,52564,85067,598,12,Yes
CUST03495,37,90487,48447,716,36,No
CUST03496,37,27136,42130,576,24,No
CUST03497,53,40958,17957,665,12,No
CUST03498,52,43911,25611,624,48,No
CUST03499,28,47488,14608,706,48,No
CUST03500,39,51928,24316,705,36,No
CUST03501,58,68233,114073,720,48,No
CUST03502,23,40930,39380,700,36,No
CUST03503,25,53228,19715,635,36,No
CUST03504,33,48995,85133,660,36,No
CUST03505,51,32963,53151,746,48,Yes
CUST03506,36,47507,67448,760,24,No
CUST03507,52,46870,79533,593,24,Yes
CUST03508,42,46420,27444,564,36,No
CUST03509,49,50720,78432,626,36,No
CUST03510,42,51732,68260,759,48,No
CUST03511,63,41161,65780,769,36,No
CUST03512,23,88654,131670,618,24,No
CUST03513,30,29540,23250,699,24,No
CUST03514,62,36147,52425,815,24,No
CUST03515,41,174689,114737,736,48,No
CUST03516,36,31341,23798,783,36,No
CUST03517,32,27190,11345,750,48,No
CUST03518,22,69584,118249,616,36,No
CUST03519,61,19635,13765,660,60,No
CUST03520,44,44977,47539,682,60,No
CUST03521,55,131321,112485,704,48,No
CUST03522,50,24948,43357,744,60,No
CUST03523,50,20494,15767,705,36,No
CUST03524,55,25467,37099,455,60,No
CUST03525,39,74910,118050,587,60,Yes
CUST03526,28,82945,76740,523,60,No
CUST03527,46,39700,33196,691,36,No
CUST03528,60,67997,95808,702,48,No
CUST03529,27,93470,155627,710,36,No
CUST03530,50,111757,158711,620,24,Yes
CUST03531,27,44754,26944,730,36,No
CUST03532,23,18000,29284,727,60,No
CUST03533,21,34558,29400,583,12,No
CUST03534,56,41263,47170,568,36,No
CUST03535,45,44501,68475,679,36,No
CUST03536,57,45947,24904,814,36,No
CUST03537,21,82725,121274,814,60,No
CUST03538,35,88723,104165,730,60,No
CUST03539,57,46283,75658,625,36,No
CUST03540,33,81969,42341,753,24,No
CUST03541,60,58731,52979,648,36,No
CUST03542,28,51473,79315,623,36,No
CUST03543,25,75186,21038,524,36,No
CUST03544,29,51652,21896,688,24,No
CUST03545,21,126221,225352,648,36,No
CUST03546,56,26173,17918,682,36,No
CUST03547,55,39654,69874,505,48,Yes
CUST03548,22,47233,25172,692,36,No
CUST03549,60,60933,49337,500,36,No
CUST03550,43,88465,125350,769,12,No
CUST03551,29,49454,62785,719,60,No
CUST03552,54,26365,30339,654,36,No
CUST03553,34,73051,78263,727,12,No
CUST03554,24,70229,109370,611,36,No
CUST03555,50,20867,12816,680,60,No
CUST03556,51,49914,46711,740,48,No
CUST03557,58,24446,12002,443,48,No
CUST03558,31,37075,43515,644,24,No
CUST03559,55,33307,21261,675,48,No
CUST03560,28,71966,55231,670,48,No
CUST03561,23,52699,51668,790,36,No
CUST03562,34,28036,8172,591,60,No
CUST03563,33,74296,29161,638,24,No
CUST03564,65,26228,34442,532,24,No
CUST03565,52,58008,53072,795,60,No
CUST03566,54,34665,55132,658,36,No
CUST03567,65,42414,56272,646,12,Yes
CUST03568,39,62737,16472,679,36,No
CUST03569,58,63223,76241,730,60,No
CUST03570,36,91255,36071,714,12,Yes
CUST03571,22,48183,70369,850,12,Yes
CUST03572,60,57393,102552,716,24,No
CUST03573,37,41060,44072,643,60,No
CUST03574,54,54267,70998,639,60,No
CUST03575,62,60934,37647,653,36,No
CUST03576,36,47836,44405,567,36,No
CUST03577,58,22205,35016,677,36,No
CUST03578,22,58043,29573,740,24,Yes
CUST03579,22,58914,38976,636,60,No
CUST03580,46,36816,34623,617,24,Yes
CUST03581,33,28052,37982,789,36,No
CUST03582,51,97141,80882,582,36,No
CUST03583,54,62376,105290,527,24,No
CUST03584,59,45102,17879,593,36,No
CUST03585,23,29975,24722,560,36,No
CUST03586,28,34543,46594,706,48,No
CUST03587,43,89854,53938,661,24,No
CUST03588,34,53195,67421,664,24,No
CUST03589,47,39027,19691,764,36,Yes
CUST03590,49,62890,21179,631,60,No
CUST03591,59,34659,15166,735,24,No
CUST03592,59,98239,166169,803,60,Yes
CUST03593,21,91908,101578,654,48,No
CUST03594,37,40531,60162,733,60,No
CUST03595,61,37680,28848,659,12,No
CUST03596,50,18000,21035,743,36,No
CUST03597,33,25670,26111,557,12,No
CUST03598,41,27365,46955,552,36,No
CUST03599,39,53136,74855,651,60,No
CUST03600,39,43173,59680,612,24,No
CUST03601,45,27293,8784,637,36,No
CUST03602,42,44058,48551,662,12,Yes
CUST03603,51,62767,61125,737,48,No
CUST03604,37,63406,107039,652,24,No
CUST03605,43,21267,13800,612,24,No
CUST03606,52,47196,31538,653,36,No
CUST03607,30,26830,23814,618,48,No
CUST03608,30,75023,47056,615,24,No
CUST03609,56,71157,32037,563,24,No
CUST03610,28,33378,52704,682,12,No
CUST03611,40,35421,39506,634,60,No
CUST03612,52,40628,64400,751,36,No
CUST03613,34,18143,27909,565,48,No
CUST03614,48,58161,39966,641,48,No
CUST03615,44,44223,48601,815,24,No
CUST03616,35,77370,29322,615,36,No
CUST03617,42,30500,50894,658,24,Yes
CUST03618,50,37842,33173,586,36,No
CUST03619,24,25383,21834,574,36,No
CUST03620,33,31820,22887,792,36,No
CUST03621,43,29375,28318,689,24,No
CUST03622,28,78274,50113,696,12,No
CUST03623,38,36518,30347,550,48,No
CUST03624,32,52873,78776,707,48,No
CUST03625,51,42127,65006,765,12,No
CUST03626,34,28241,20375,762,24,No
CUST03627,54,46353,45286,729,60,No
CUST03628,38,65472,105045,598,48,No
CUST03629,54,29036,9630,699,60,No
CUST03630,31,71961,117165,734,24,No
CUST03631,61,34112,20117,542,36,No
CUST03632,32,40233,52373,594,24,No
CUST03633,35,63487,73198,749,36,No
CUST03634,51,37095,41066,743,24,No
CUST03635,49,50853,80450,564,24,No
CUST03636,46,43398,17682,738,12,No
CUST03637,38,52997,41756,688,48,No
CUST03638,52,18000,19517,732,36,No
CUST03639,42,21948,33087,627,36,No
CUST03640,58,65971,38625,732,60,No
CUST03641,37,79739,119173,749,48,No
CUST03642,43,33192,28858,650,36,No
CUST03643,44,44800,24318,680,60,No
CUST03644,28,57091,81436,633,36,No
CUST03645,61,68304,26700,808,24,No
CUST03646,26,20077,21038,665,60,No
CUST03647,25,33559,11712,608,12,No
CUST03648,64,43050,34545,625,36,No
CUST03649,49,68610,81074,693,36,No
CUST03650,48,153902,171136,757,36,No
CUST03651,31,45124,39583,579,36,No
CUST03652,21,26546,24290,814,24,No
CUST03653,63,59922,36043,705,36,No
CUST03654,39,90602,86672,723,48,No
CUST03655,29,52490,90679,673,24,No
CUST03656,47,33249,52141,678,36,No
CUST03657,54,76947,36558,674,24,Yes
CUST03658,64,67398,19961,760,60,No
CUST03659,24,31509,53470,676,48,No
CUST03660,56,59363,63308,739,60,No
CUST03661,38,78319,84870,653,24,No
CUST03662,35,85104,124261,702,12,No
CUST03663,33,48527,35802,619,24,No
CUST03664,39,42559,42429,770,24,No
CUST03665,26,86860,152129,625,36,No
CUST03666,32,29004,37468,651,60,No
CUST03667,57,60909,29742,659,36,No
CUST03668,37,26991,12321,649,60,No
CUST03669,43,80757,45758,740,12,No
CUST03670,46,44518,64035,655,60,Yes
CUST03671,49,88490,62636,792,24,No
CUST03672,53,62375,17662,621,60,No
CUST03673,47,28835,49408,688,12,Yes
CUST03674,45,94927,48703,631,60,No
CUST03675,30,100493,26612,722,24,No
CUST03676,43,74370,45927,684,36,No
CUST03677,41,35492,21803,665,36,No
CUST03678,41,43568,39390,768,36,No
CUST03679,63,53382,89500,632,48,Yes
CUST03680,33,36429,58750,721,60,No
CUST03681,57,107080,102603,634,36,No
CUST03682,53,53355,47320,689,48,No
CUST03683,44,18000,19985,584,12,Yes
CUST03684,64,58249,36543,632,36,No
CUST03685,31,42749,14145,672,36,Yes
CUST03686,37,48342,82462,816,60,No
CUST03687,24,42357,22847,686,36,No
CUST03688,45,71894,40082,808,48,Yes
CUST03689,50,82755,81291,703,24,No
CUST03690,29,56792,57474,652,24,No
CUST03691,41,42920,11956,794,36,No
CUST03692,40,49079,23525,713,36,No
CUST03693,39,50443,42177,632,24,No
CUST03694,39,34846,45641,712,12,No
CUST03695,32,64880,39191,661,60,No
CUST03696,57,61500,55699,533,12,No
CUST03697,62,100005,111394,760,60,No
CUST03698,37,87964,143145,770,24,No
CUST03699,57,36725,27742,815,12,No
CUST03700,59,72324,33053,716,36,No
CUST03701,48,32593,32866,658,36,No
CUST03702,61,68388,96251,746,36,No
CUST03703,55,39628,16655,742,36,No
CUST03704,38,31550,28656,799,24,No
CUST03705,34,56715,15742,678,48,No
CUST03706,55,18000,5436,661,36,No
CUST03707,64,22739,22707,621,36,No
CUST03708,61,46162,32877,720,60,No
CUST03709,27,51890,80944,564,48,No
CUST03710,61,42344,50107,737,36,Yes
CUST03711,33,24564,23424,719,60,No
CUST03712,38,34604,30531,721,60,No
CUST03713,57,59625,60861,692,36,No
CUST03714,33,64963,20313,798,24,No
CUST03715,56,49636,81097,745,60,No
CUST03716,51,84150,151249,641,24,Yes
CUST03717,22,59791,31767,638,12,No
CUST03718,36,35718,15594,611,36,No
CUST03719,29,44071,20826,720,48,No
CUST03720,29,26595,33898,600,60,Yes
CUST03721,58,47625,60733,761,36,No
CUST03722,31,82473,129011,786,60,No
CUST03723,42,68061,96329,618,12,No
CUST03724,53,93965,88987,675,12,No
CUST03725,56,43629,52352,680,36,No
CUST03726,65,91631,120663,755,60,No
CUST03727,43,45834,47885,800,36,No
CUST03728,65,96954,95719,563,12,No
CUST03729,65,49511,61884,656,24,No
CUST03730,54,68736,76578,664,24,No
CUST03731,29,97108,121202,584,36,No
CUST03732,44,45832,54995,643,12,No
CUST03733,28,55163,75284,713,60,No
CUST03734,27,89301,111300,667,36,No
CUST03735,56,47095,49714,564,48,No
CUST03736,38,27595,36061,850,12,No
CUST03737,23,131155,124164,716,12,No
CUST03738,48,40473,25279,686,36,No
CUST03739,26,53703,13544,598,60,Yes
CUST03740,64,84118,94039,706,36,No
CUST03741,64,38023,44316,665,60,No
CUST03742,41,31769,55808,535,60,No
CUST03743,48,56048,45415,601,12,No
CUST03744,60,22312,19209,734,24,No
CUST03745,21,43924,24720,825,48,No
CUST03746,56,55829,20061,709,36,No
CUST03747,41,44281,64112,762,24,No
CUST03748,63,24965,15903,663,36,No
CUST03749,55,102453,122309,684,36,No
CUST03750,33,52385,68941,762,60,No
CUST03751,30,95206,93342,814,24,No
CUST03752,64,44479,71538,776,24,No
CUST03753,30,33650,31560,597,36,No
CUST03754,33,56439,39034,676,48,No
CUST03755,57,45373,74358,700,36,No
CUST03756,58,29430,46659,656,60,No
CUST03757,44,96875,48850,718,48,No
CUST03758,22,37788,10968,739,36,No
CUST03759,42,21843,8507,750,24,No
CUST03760,37,90894,63094,815,36,No
CUST03761,56,39849,70015,653,48,Yes
CUST03762,34,38035,42436,575,60,Yes
CUST03763,30,22592,18719,701,60,No
CUST03764,55,109448,178128,833,36,Yes
CUST03765,45,27987,26654,640,36,No
CUST03766,23,51333,37916,732,12,No
CUST03767,58,75392,128837,737,12,No
CUST03768,37,60449,94709,696,24,No
CUST03769,32,48676,75822,680,12,No
CUST03770,44,23249,24273,605,36,No
CUST03771,49,34731,51181,506,36,No
CUST03772,63,54409,28728,597,36,No
CUST03773,45,35086,39945,648,36,No
CUST03774,56,54791,97252,763,36,No
CUST03775,46,67952,47633,676,36,No
CUST03776,58,77104,114210,646,24,No
CUST03777,21,28796,29091,609,60,Yes
CUST03778,40,134359,41880,746,12,No
CUST03779,48,70625,101183,786,60,No
CUST03780,36,49961,25544,760,36,Yes
CUST03781,37,81640,100318,732,36,No
CUST03782,60,144960,55488,588,24,No
CUST03783,48,26170,44951,649,12,No
CUST03784,32,45180,31724,825,36,Yes
CUST03785,47,18000,10818,758,48,No
CUST03786,62,54528,24546,566,24,Yes
CUST03787,50,58936,101152,678,36,No
CUST03788,61,49127,66491,707,24,Yes
CUST03789,54,37244,52126,620,36,No
CUST03790,57,19881,20360,501,60,No
CUST03791,26,59152,58314,689,60,No
CUST03792,27,96252,40477,630,36,No
CUST03793,52,38324,42837,619,24,No
CUST03794,52,60950,38564,656,24,No
CUST03795,45,24689,43566,665,60,No
CUST03796,53,61422,91193,682,24,No
CUST03797,27,41888,37286,612,60,No
CUST03798,32,35479,17192,661,36,No
CUST03799,36,35512,52105,545,60,No
CUST03800,36,41884,18395,702,36,No
CUST03801,63,59390,32277,468,36,No
CUST03802,56,27703,16008,654,36,No
CUST03803,33,41818,46551,747,60,No
CUST03804,27,49076,72139,600,60,No
CUST03805,56,30492,22478,730,48,No
CUST03806,29,112227,42785,779,48,No
CUST03807,52,34054,33034,429,36,No
CUST03808,31,36995,52147,666,48,No
CUST03809,28,32194,19110,461,60,No
CUST03810,53,112319,66367,684,36,No
CUST03811,43,64125,110180,682,36,No
CUST03812,45,32804,56716,490,36,Yes
CUST03813,28,82255,146843,831,36,No
CUST03814,65,54726,82191,702,60,No
CUST03815,42,56137,30409,618,36,No
CUST03816,24,42820,24774,788,24,No
CUST03817,60,35687,27741,542,36,No
CUST03818,23,58208,43255,589,24,No
CUST03819,49,39124,67787,505,36,No
CUST03820,61,113246,166819,828,60,Yes
CUST03821,49,28243,38755,701,36,No
CUST03822,54,99813,53724,739,60,No
CUST03823,54,47557,78933,702,24,No
CUST03824,48,57203,87704,724,60,No
CUST03825,33,72744,36637,690,36,No
CUST03826,35,37653,60257,698,12,Yes
CUST03827,43,73769,49572,693,36,No
CUST03828,64,18000,6756,628,60,No
CUST03829,46,36163,45857,674,12,Yes
CUST03830,24,32990,41679,697,36,No
CUST03831,46,28444,11296,684,60,No
CUST03832,60,45390,33780,568,12,No
CUST03833,29,59478,106398,581,36,Yes
CUST03834,25,68595,89281,765,36,No
CUST03835,52,55724,76989,658,36,No
CUST03836,40,37057,21494,721,36,No
CUST03837,31,59032,21967,600,12,No
CUST03838,35,52876,35913,570,48,No
CUST03839,52,76191,48442,622,12,No
CUST03840,48,70927,43517,667,36,No
CUST03841,42,50690,27817,630,36,No
CUST03842,61,33390,38094,774,36,No
CUST03843,37,37270,28272,691,36,No
CUST03844,46,39041,59402,816,60,No
CUST03845,64,43387,23217,709,60,No
CUST03846,27,56410,54727,500,60,Yes
CUST03847,62,68982,18706,763,36,No
CUST03848,46,48863,48697,567,60,No
CUST03849,45,50364,16950,697,60,No
CUST03850,30,53331,94154,623,36,No
CUST03851,65,39641,58487,839,24,No
CUST03852,39,32970,33289,785,12,No
CUST03853,31,22693,8719,619,36,No
CUST03854,33,36569,42723,668,60,Yes
CUST03855,28,61864,88223,701,36,No
CUST03856,60,36442,19883,742,48,No
CUST03857,24,44926,50799,681,24,No
CUST03858,51,61677,93257,605,24,No
CUST03859,48,63202,91060,629,36,No
CUST03860,31,30761,45977,676,60,No
CUST03861,63,78312,126313,778,36,No
CUST03862,21,83041,141453,719,60,No
CUST03863,58,30072,26420,618,24,No
CUST03864,44,34512,39054,726,36,No
CUST03865,51,85457,126094,658,36,No
CUST03866,61,46803,62275,746,60,No
CUST03867,46,18414,33017,850,12,No
CUST03868,25,26633,7223,648,24,No
CUST03869,40,44693,35775,739,24,No
CUST03870,61,29626,20311,620,60,Yes
CUST03871,31,41512,27256,670,24,No
CUST03872,53,50734,30183,682,12,No
CUST03873,58,96548,130257,675,36,No
CUST03874,47,43874,16733,850,36,No
CUST03875,54,81018,113384,663,60,No
CUST03876,35,95103,125993,733,60,No
CUST03877,52,95341,60899,544,36,No
CUST03878,41,56836,36483,714,60,No
CUST03879,25,20667,25312,760,48,No
CUST03880,26,61522,88060,643,24,No
CUST03881,58,80142,128913,498,60,Yes
CUST03882,42,48209,75727,677,48,No
CUST03883,38,109627,191361,693,36,Yes
CUST03884,34,73622,84750,739,48,No
CUST03885,30,64570,107084,834,36,No
CUST03886,33,81524,122547,658,24,No
CUST03887,51,58093,95083,617,48,No
CUST03888,50,18000,5000,586,60,No
CUST03889,23,39941,69783,693,48,No
CUST03890,50,85691,84318,723,24,No
CUST03891,26,34765,51702,636,60,No
CUST03892,49,45216,20219,737,12,No
CUST03893,28,31245,26987,711,36,No
CUST03894,64,111585,74847,696,24,No
CUST03895,65,106559,74812,624,12,No
CUST03896,63,33592,14816,641,36,No
CUST03897,64,53427,80084,498,36,No
CUST03898,53,36811,9730,695,60,No
CUST03899,37,65940,48425,685,60,No
CUST03900,31,62890,32724,697,60,No
CUST03901,33,72045,83789,722,36,No
CUST03902,31,58055,37393,711,48,No
CUST03903,51,180000,117261,698,60,No
CUST03904,48,31483,31701,680,36,No
CUST03905,64,23156,29215,569,48,No
CUST03906,26,41894,18351,635,36,No
CUST03907,61,24691,12890,679,36,No
CUST03908,36,25544,16172,620,36,No
CUST03909,24,31863,56057,741,48,Yes
CUST03910,55,33018,28580,627,48,No
CUST03911,46,32539,38345,693,36,No
CUST03912,32,63132,39419,691,36,No
CUST03913,31,39815,40222,734,60,No
CUST03914,57,46120,16828,747,60,No
CUST03915,45,74771,22719,737,24,No
CUST03916,38,35417,34586,519,24,No
CUST03917,39,44388,38525,768,48,No
CUST03918,43,58946,27243,796,36,No
CUST03919,58,20870,27460,638,12,No
CUST03920,38,18000,32202,691,36,No
CUST03921,46,58427,50437,615,60,No
CUST03922,26,62392,75998,536,48,No
CUST03923,24,126586,220590,640,36,No
CUST03924,64,53687,82618,640,36,No
CUST03925,49,72306,70029,658,36,No
CUST03926,54,45790,63790,607,24,No
CUST03927,37,57155,25640,626,36,No
CUST03928,63,105878,110511,690,12,Yes
CUST03929,63,19225,13122,616,36,No
CUST03930,36,60229,30103,723,36,No
CUST03931,22,130717,119049,747,48,No
CUST03932,54,56766,25719,850,36,No
CUST03933,28,105086,140125,775,36,No
CUST03934,33,37671,36058,696,12,No
CUST03935,62,49284,52895,633,24,No
CUST03936,28,50760,24207,702,36,No
CUST03937,50,18432,8601,698,12,No
CUST03938,52,29558,34119,637,24,Yes
CUST03939,56,30521,54229,735,36,Yes
CUST03940,50,72382,28894,580,48,Yes
CUST03941,21,74032,51296,666,36,No
CUST03942,63,57849,92423,723,36,No
CUST03943,59,72448,26228,663,60,No
CUST03944,37,46440,74658,664,60,No
CUST03945,40,85875,91254,677,36,No
CUST03946,44,50198,44315,617,60,Yes
CUST03947,42,51319,37463,768,36,No
CUST03948,49,44367,31524,603,60,No
CUST03949,42,68035,49257,707,36,No
CUST03950,64,41367,67074,709,48,No
CUST03951,29,77588,106442,614,48,No
CUST03952,57,30041,38695,681,36,Yes
CUST03953,30,30493,45375,608,48,No
CUST03954,56,68126,44182,788,24,No
CUST03955,57,48047,58039,594,24,No
CUST03956,48,40763,39259,629,36,No
CUST03957,48,74630,109168,593,60,No
CUST03958,62,38044,27747,576,36,Yes
CUST03959,63,45692,56975,798,36,No
CUST03960,41,93848,151792,729,36,No
CUST03961,44,99947,87287,701,24,Yes
CUST03962,62,101454,35840,641,36,Yes
CUST03963,60,44039,46236,747,48,No
CUST03964,22,86994,68400,626,60,No
CUST03965,28,32622,42146,736,24,No
CUST03966,47,33245,57318,611,36,No
CUST03967,42,18000,18048,625,12,No
CUST03968,57,106146,103237,748,24,No
CUST03969,47,33894,42863,742,36,No
CUST03970,49,47233,19385,724,36,No
CUST03971,23,33194,21342,598,24,No
CUST03972,64,68364,114470,650,24,No
CUST03973,33,42224,54402,690,48,No
CUST03974,65,27795,7528,612,60,No
CUST03975,30,60994,34594,785,36,No
CUST03976,56,26228,34317,495,48,No
CUST03977,29,34302,49217,618,24,No
CUST03978,47,19374,30064,636,60,No
CUST03979,54,26344,18517,462,48,No
CUST03980,21,54183,91737,576,60,No
CUST03981,52,20656,22868,721,12,No
CUST03982,45,25675,34138,677,36,No
CUST03983,49,49947,58685,798,36,No
CUST03984,27,39150,17236,794,24,No
CUST03985,23,122540,213566,727,24,No
CUST03986,40,114123,50266,716,36,No
CUST03987,40,33834,21825,682,48,No
CUST03988,50,64247,97085,484,12,Yes
CUST03989,55,70049,84677,579,36,No
CUST03990,55,38212,59195,685,24,No
CUST03991,59,25509,26769,721,24,No
CUST03992,47,49724,41487,702,36,No
CUST03993,46,46258,77661,612,36,No
CUST03994,34,41097,12584,749,36,No
CUST03995,37,61012,96216,793,36,Yes
CUST03996,38,35666,21677,747,36,No
CUST03997,65,29774,46612,750,36,No
CUST03998,49,52516,24460,639,60,No
CUST03999,40,59484,68367,763,36,No
CUST04000,47,29445,47894,687,48,No
CUST04001,38,75919,74703,724,24,No
CUST04002,24,22540,31718,702,36,Yes
CUST04003,21,38547,57714,669,36,Yes
CUST04004,21,44519,61951,614,36,No
CUST04005,46,37552,63247,671,36,No
CUST04006,65,38774,36548,752,24,No
CUST04007,40,116048,60153,660,12,No
CUST04008,43,34094,11050,744,24,No
CUST04009,30,149991,94796,755,48,No
CUST04010,31,60869,28727,660,48,No
CUST04011,61,52115,58099,785,24,No
CUST04012,61,61950,33246,656,36,No
CUST04013,25,156099,48445,814,12,No
CUST04014,21,31973,9777,709,24,No
CUST04015,37,30200,46476,675,48,No
CUST04016,42,35600,41536,611,36,No
CUST04017,54,50728,40838,674,24,No
CUST04018,65,22998,37626,659,24,No
CUST04019,61,50505,18121,586,60,No
CUST04020,49,107138,189581,675,24,No
CUST04021,24,53525,64511,620,36,No
CUST04022,25,43830,23421,723,48,No
CUST04023,31,37858,49312,776,36,No
CUST04024,41,74915,107371,593,36,No
CUST04025,55,34481,31567,805,60,No
CUST04026,32,114767,181967,683,24,No
CUST04027,46,119347,57720,621,48,No
CUST04028,39,56124,38288,738,24,No
CUST04029,65,49742,19644,646,36,No
CUST04030,27,79505,45863,680,60,No
CUST04031,27,81833,50739,656,36,No
CUST04032,46,34790,58180,616,48,No
CUST04033,60,39452,14639,732,60,No
CUST04034,25,27577,25164,654,24,No
CUST04035,41,60106,64627,574,48,Yes
CUST04036,34,67492,110888,725,60,No
CUST04037,24,27236,48928,585,36,Yes
CUST04038,43,40739,57758,592,24,No
CUST04039,62,27269,47850,765,24,No
CUST04040,40,33367,49050,587,24,No
CUST04041,35,64070,111672,509,24,No
CUST04042,65,35944,48390,724,36,No
CUST04043,49,43670,16317,656,12,No
CUST04044,28,24040,20986,658,24,No
CUST04045,61,54389,68107,657,36,No
CUST04046,39,49014,38898,697,36,Yes
CUST04047,59,36017,24266,621,36,No
CUST04048,48,45923,52580,790,48,No
CUST04049,47,54226,92018,570,12,No
CUST04050,24,34651,10542,710,12,No
CUST04051,35,25731,37112,723,12,No
CUST04052,55,112678,154394,636,36,No
CUST04053,57,37602,65583,601,12,No
CUST04054,21,47870,81025,756,48,No
CUST04055,23,78799,112798,611,24,No
CUST04056,44,180000,190194,661,60,No
CUST04057,47,28560,16183,742,36,No
CUST04058,60,61218,67041,685,36,No
CUST04059,56,36366,52232,542,48,Yes
CUST04060,54,39235,64278,809,48,No
CUST04061,49,36159,53300,637,36,No
CUST04062,44,30129,16651,646,60,No
CUST04063,44,49080,57891,699,36,No
CUST04064,62,25752,19697,722,60,No
CUST04065,24,76561,20233,832,36,No
CUST04066,23,51253,28719,556,60,No
CUST04067,54,60468,25729,744,24,No
CUST04068,43,40538,63086,734,24,No
CUST04069,43,42384,27579,668,48,No
CUST04070,65,56907,39339,740,24,No
CUST04071,25,29613,51464,746,24,No
CUST04072,51,42561,35648,575,36,No
CUST04073,61,33960,8995,808,48,No
CUST04074,26,33491,23108,560,60,No
CUST04075,57,19348,8415,589,48,No
CUST04076,30,91352,37395,669,60,No
CUST04077,60,36711,13587,822,36,No
CUST04078,27,84398,98708,664,12,No
CUST04079,59,80881,43958,684,24,No
CUST04080,58,28031,22703,783,36,No
CUST04081,41,30638,48596,654,36,No
CUST04082,40,158262,143658,613,24,No
CUST04083,23,109941,183527,661,36,No
CUST04084,42,49296,50371,783,48,No
CUST04085,24,56140,48741,687,36,Yes
CUST04086,48,37643,53193,822,60,No
CUST04087,32,60739,22074,737,48,No
CUST04088,58,36208,14074,629,48,No
CUST04089,56,20035,25255,678,60,No
CUST04090,61,27586,27717,612,24,No
CUST04091,25,50477,74461,630,36,No
CUST04092,33,30055,50198,850,60,No
CUST04093,43,48509,41328,756,36,No
CUST04094,50,30828,36205,741,48,No
CUST04095,57,35162,36079,630,36,No
CUST04096,45,73402,130031,802,36,No
CUST04097,47,55890,85969,764,12,No
CUST04098,34,49783,82799,821,60,No
CUST04099,56,74259,47840,822,60,No
CUST04100,59,62072,89844,571,60,No
CUST04101,36,95868,63415,606,48,No
CUST04102,42,40654,23317,603,24,No
CUST04103,41,41210,70618,607,12,Yes
CUST04104,41,27841,7793,700,60,No
CUST04105,28,41222,71988,636,36,No
CUST04106,36,77182,37152,841,24,No
CUST04107,51,89749,136430,831,36,No
CUST04108,62,77027,52200,685,36,No
CUST04109,30,22301,17698,821,48,No
CUST04110,52,81405,47701,798,36,No
CUST04111,54,21861,25305,641,48,No
CUST04112,29,74902,59139,534,60,No
CUST04113,37,42373,53770,662,24,No
CUST04114,31,68591,18811,635,36,No
CUST04115,52,27452,9602,691,36,No
CUST04116,30,84694,34257,694,60,No
CUST04117,42,25862,23261,680,36,No
CUST04118,37,37011,55995,717,36,No
CUST04119,24,31909,51906,585,48,No
CUST04120,45,22705,14292,705,36,No
CUST04121,41,52173,59491,647,60,No
CUST04122,57,112704,162403,708,60,No
CUST04123,58,166024,115833,775,36,No
CUST04124,21,52234,46173,589,36,No
CUST04125,45,82643,87780,665,12,Yes
CUST04126,56,55505,25480,672,48,No
CUST04127,37,62585,18167,644,48,No
CUST04128,61,42865,20869,746,36,No
CUST04129,44,54588,66686,627,24,No
CUST04130,22,63681,23187,641,60,No
CUST04131,60,38541,20967,624,36,No
CUST04132,35,48286,37358,762,48,No
CUST04133,52,48702,18054,643,12,No
CUST04134,59,72523,39680,719,36,No
CUST04135,26,30948,51450,824,60,No
CUST04136,21,48854,13675,674,36,No
CUST04137,43,118206,149273,777,36,Yes
CUST04138,59,84424,71409,812,24,No
CUST04139,37,91758,118607,765,36,No
CUST04140,54,50553,58766,679,60,No
CUST04141,61,57770,34455,730,36,No
CUST04142,49,78495,122701,589,60,No
CUST04143,29,100901,102163,632,60,No
CUST04144,33,20776,31682,629,60,No
CUST04145,26,27662,24324,844,60,No
CUST04146,26,90132,160098,627,12,No
CUST04147,40,44142,63752,617,60,No
CUST04148,23,36957,64572,599,24,No
CUST04149,37,28436,29778,718,12,No
CUST04150,32,38949,38334,688,12,No
CUST04151,65,26601,37799,757,36,No
CUST04152,21,128126,206853,746,36,Yes
CUST04153,37,49498,86346,576,36,Yes
CUST04154,23,48713,36684,619,12,No
CUST04155,46,65148,96940,785,36,No
CUST04156,35,77098,44447,670,36,Yes
CUST04157,56,76529,83848,774,48,No
CUST04158,52,81057,42860,675,24,No
CUST04159,52,37643,29680,605,24,No
CUST04160,24,43728,74058,656,24,No
CUST04161,38,70675,33672,612,36,Yes
CUST04162,39,39437,48516,635,36,No
CUST04163,63,49885,58320,695,36,No
CUST04164,55,59828,26153,720,36,No
CUST04165,60,71190,53767,565,36,Yes
CUST04166,34,22467,25222,673,36,No
CUST04167,53,68969,37252,640,60,No
CUST04168,34,45008,67105,630,24,No
CUST04169,54,68743,120771,694,60,No
CUST04170,24,70926,41341,643,48,No
CUST04171,44,103088,55638,794,12,Yes
CUST04172,49,91935,87812,777,60,No
CUST04173,39,91650,129138,777,48,No
CUST04174,26,95744,65726,652,48,No
CUST04175,53,57005,16008,609,36,No
CUST04176,60,50729,55238,686,36,No
CUST04177,39,74054,128316,674,24,No
CUST04178,21,69509,59533,638,12,No
CUST04179,25,43508,39210,591,60,No
CUST04180,47,59991,105092,679,60,No
CUST04181,36,49217,65293,650,24,No
CUST04182,26,34047,46465,728,48,No
CUST04183,60,89365,100284,738,48,No
CUST04184,33,51258,90247,763,24,No
CUST04185,55,125705,165647,601,36,No
CUST04186,39,24060,39393,705,36,No
CUST04187,32,38919,51919,623,48,No
CUST04188,36,50740,70500,589,60,No
CUST04189,63,83416,58403,655,12,No
CUST04190,30,59847,43113,762,36,No
CUST04191,45,57497,84154,654,48,No
CUST04192,40,30107,21373,793,48,No
CUST04193,51,29707,33340,717,24,No
CUST04194,24,57809,36795,652,36,No
CUST04195,64,27063,41036,762,60,No
CUST04196,43,39357,16580,711,36,No
CUST04197,22,62642,96196,613,36,No
CUST04198,42,32136,38056,816,60,No
CUST04199,57,102970,55574,710,12,No
CUST04200,28,86730,94549,689,60,No
CUST04201,27,24653,16958,611,36,No
CUST04202,34,32867,24695,765,12,No
CUST04203,23,18000,14308,712,24,No
CUST04204,36,35158,12240,724,12,Yes
CUST04205,39,70591,125528,646,12,No
CUST04206,38,41503,12404,741,48,No
CUST04207,36,61521,78554,751,24,No
CUST04208,28,25203,20803,625,60,No
CUST04209,53,71601,89595,578,36,No
CUST04210,32,38948,31243,721,36,No
CUST04211,31,50275,65072,562,36,Yes
CUST04212,25,47953,66190,691,48,No
CUST04213,47,28214,37253,642,36,No
CUST04214,32,29759,12696,767,24,No
CUST04215,37,77287,98014,656,60,No
CUST04216,26,59834,40925,765,36,No
CUST04217,53,80202,23631,647,12,No
CUST04218,25,57865,51673,757,36,No
CUST04219,48,53323,49163,835,36,No
CUST04220,34,22996,22401,594,24,No
CUST04221,25,44272,59434,701,60,No
CUST04222,53,49388,35989,850,48,No
CUST04223,61,120412,88947,699,48,No
CUST04224,39,68112,23421,688,36,No
CUST04225,42,99808,131205,749,60,Yes
CUST04226,25,65426,73940,686,24,No
CUST04227,22,36304,28739,549,36,No
CUST04228,50,52706,70786,765,36,No
CUST04229,59,55608,60218,531,48,Yes
CUST04230,24,32766,32023,645,12,No
CUST04231,53,42058,43848,769,12,No
CUST04232,33,45578,56350,652,60,No
CUST04233,40,102982,131097,639,36,No
CUST04234,27,19603,13681,740,36,No
CUST04235,35,86025,40273,623,36,No
CUST04236,43,32801,16164,585,48,Yes
CUST04237,34,26966,33466,696,24,No
CUST04238,43,85029,136298,673,24,No
CUST04239,39,69504,61492,591,60,No
CUST04240,49,87931,45087,735,36,No
CUST04241,40,71689,101994,719,36,No
CUST04242,49,126337,194604,668,60,Yes
CUST04243,44,64293,103827,661,36,Yes
CUST04244,38,46600,55481,715,24,No
CUST04245,30,58343,92423,771,24,No
CUST04246,61,87495,23964,666,36,No
CUST04247,28,35209,14655,726,60,No
CUST04248,46,37288,14673,720,12,No
CUST04249,49,43510,58936,745,24,No
CUST04250,30,19394,6940,677,60,No
CUST04251,37,53205,54235,612,24,No
CUST04252,22,21397,21027,640,36,No
CUST04253,26,51208,37463,706,24,No
CUST04254,25,73803,118020,821,36,No
CUST04255,48,40343,20743,642,36,No
CUST04256,61,106349,84688,752,24,No
CUST04257,25,25914,37574,651,36,No
CUST04258,38,85464,25396,695,48,Yes
CUST04259,46,67751,87607,797,48,No
CUST04260,40,23099,35005,732,36,No
CUST04261,61,169335,250000,611,36,No
CUST04262,47,48586,78139,637,36,No
CUST04263,32,33688,25099,771,36,No
CUST04264,27,26545,30762,686,48,No
CUST04265,23,45287,16747,593,48,No
CUST04266,30,47214,30675,618,36,No
CUST04267,54,52364,20738,733,24,No
CUST04268,45,43729,32296,753,24,No
CUST04269,55,66485,106811,685,24,No
CUST04270,36,41997,33098,850,60,No
CUST04271,22,20932,23464,736,48,No
CUST04272,44,46750,43091,661,36,No
CUST04273,30,18000,17304,612,24,No
CUST04274,58,58628,102765,609,24,No
CUST04275,42,32180,22817,702,60,No
CUST04276,46,53814,65780,644,60,No
CUST04277,63,90320,81387,814,24,Yes
CUST04278,59,32625,11248,786,48,No
CUST04279,47,80607,81289,734,36,No
CUST04280,49,41141,62151,590,36,No
CUST04281,58,110053,44359,642,48,No
CUST04282,40,42424,15182,773,36,No
CUST04283,47,34254,16720,635,48,No
CUST04284,61,68121,97741,768,12,Yes
CUST04285,40,41096,56392,714,36,No
CUST04286,64,34239,38545,681,36,No
CUST04287,39,40326,39348,625,36,No
CUST04288,40,49006,79728,673,36,No
CUST04289,55,91469,131567,703,24,No
CUST04290,22,20940,31588,752,36,Yes
CUST04291,50,50522,76316,614,36,No
CUST04292,54,66236,82544,664,48,No
CUST04293,42,54548,52362,684,36,No
CUST04294,23,90149,143359,738,48,No
CUST04295,26,48355,81493,612,24,No
CUST04296,35,46015,13202,580,36,Yes
CUST04297,47,65273,21534,734,12,No
CUST04298,30,52285,90769,567,24,No
CUST04299,29,41944,28505,775,24,No
CUST04300,53,63073,101152,671,12,Yes
CUST04301,52,37277,31784,561,36,No
CUST04302,26,37977,16505,642,60,No
CUST04303,61,39426,14772,706,24,No
CUST04304,56,91919,45278,648,60,No
CUST04305,22,18000,11472,675,24,No
CUST04306,49,59742,60172,737,48,No
CUST04307,24,50777,67905,665,36,No
CUST04308,21,23468,41748,604,60,No
CUST04309,39,57478,53704,659,24,No
CUST04310,46,61937,65231,789,36,No
CUST04311,45,65194,69028,809,12,No
CUST04312,30,18000,19550,522,36,No
CUST04313,35,92471,97326,770,60,No
CUST04314,42,35875,9457,696,48,No
CUST04315,41,68100,17207,753,48,No
CUST04316,42,69791,28013,643,36,No
CUST04317,56,33700,13730,544,60,No
CUST04318,54,67305,90363,727,36,No
CUST04319,50,42037,23861,608,24,No
CUST04320,45,19686,32222,570,60,No
CUST04321,65,84564,142857,588,24,No
CUST04322,48,35278,62182,722,12,Yes
CUST04323,21,34039,58056,687,24,No
CUST04324,65,41706,28003,737,36,No
CUST04325,24,56516,58785,731,36,No
CUST04326,27,48728,25434,648,24,No
CUST04327,29,63985,95954,678,48,Yes
CUST04328,56,27365,44525,637,48,No
CUST04329,39,35800,56188,661,60,No
CUST04330,21,47457,43742,607,36,No
CUST04331,30,117457,167487,723,48,No
CUST04332,56,47504,19061,760,48,No
CUST04333,29,81481,25453,625,24,No
CUST04334,65,50875,72116,776,36,No
CUST04335,62,40220,36572,687,36,No
CUST04336,52,44746,80234,697,12,No
CUST04337,52,46351,18575,552,24,No
CUST04338,26,65606,103410,548,36,No
CUST04339,58,92814,92255,699,24,No
CUST04340,37,58785,90063,741,24,No
CUST04341,30,85303,129366,637,36,Yes
CUST04342,47,32391,54086,802,48,No
CUST04343,55,41489,29526,733,60,No
CUST04344,41,36093,62159,609,36,No
CUST04345,45,57600,27941,684,36,No
CUST04346,48,42542,16041,850,36,No
CUST04347,35,69437,63813,591,24,No
CUST04348,24,32887,50445,716,24,No
CUST04349,49,50978,50152,656,48,No
CUST04350,29,68109,104574,737,36,No
CUST04351,47,19740,27261,769,48,No
CUST04352,46,129899,74642,667,48,No
CUST04353,39,44018,75745,763,24,No
CUST04354,48,20101,6919,841,36,No
CUST04355,37,53687,88172,686,36,Yes
CUST04356,63,50758,36642,739,36,No
CUST04357,61,48191,49407,635,36,No
CUST04358,62,78105,70657,687,60,No
CUST04359,40,69991,36139,671,60,No
CUST04360,65,57172,46031,741,60,No
CUST04361,60,61227,33617,773,12,No
CUST04362,59,47706,27003,671,24,No
CUST04363,43,111163,60021,807,12,No
CUST04364,52,25697,25902,790,24,Yes
CUST04365,53,53243,79161,744,36,No
CUST04366,25,51485,58276,642,36,No
CUST04367,63,72096,117839,639,36,No
CUST04368,54,34202,42296,616,60,No
CUST04369,60,22814,30080,746,60,No
CUST04370,31,53656,68937,590,24,No
CUST04371,23,56746,53719,732,60,No
CUST04372,53,97743,128872,608,36,Yes
CUST04373,31,28229,10107,737,36,No
CUST04374,36,84069,133062,688,48,No
CUST04375,38,145091,211196,799,12,No
CUST04376,50,42183,26580,764,60,No
CUST04377,30,27969,40288,783,48,No
CUST04378,38,41633,11224,788,60,No
CUST04379,58,50316,29522,691,60,No
CUST04380,39,64440,22616,596,36,No
CUST04381,56,38317,55918,599,12,No
CUST04382,33,100671,143114,534,24,Yes
CUST04383,23,30280,45757,595,36,No
CUST04384,30,22860,5874,680,24,No
CUST04385,58,82273,84487,644,60,No
CUST04386,21,18000,24165,660,24,No
CUST04387,47,45612,22390,716,60,No
CUST04388,28,180000,226292,683,48,No
CUST04389,62,49730,18916,596,24,No
CUST04390,37,30195,16035,672,36,No
CUST04391,29,48725,48115,612,36,No
CUST04392,26,48870,61724,659,36,No
CUST04393,63,53748,25589,781,36,No
CUST04394,45,67359,36178,663,12,No
CUST04395,59,31325,17758,809,48,Yes
CUST04396,48,106849,66245,799,36,No
CUST04397,53,55831,33563,638,48,No
CUST04398,57,69344,59808,601,60,No
CUST04399,29,37689,47615,674,24,No
CUST04400,38,89201,82863,774,12,No
CUST04401,41,44538,64703,642,48,No
CUST04402,22,56652,77322,749,60,No
CUST04403,63,32856,14658,767,36,No
CUST04404,58,31925,10398,618,24,Yes
CUST04405,60,68150,109777,633,24,No
CUST04406,56,40952,15305,732,24,No
CUST04407,63,34049,16341,688,36,No
CUST04408,57,37434,10643,626,36,No
CUST04409,35,68481,83815,657,48,No
CUST04410,48,37673,43425,672,24,No
CUST04411,38,47422,84397,562,12,Yes
CUST04412,54,50339,81788,737,36,No
CUST04413,42,21099,18711,638,60,No
CUST04414,31,25791,21302,466,36,No
CUST04415,33,58169,41307,680,60,No
CUST04416,24,35886,17449,622,36,No
CUST04417,42,80443,37328,813,24,No
CUST04418,27,77253,35153,642,24,No
CUST04419,63,69107,29500,601,48,No
CUST04420,44,113400,70625,731,36,No
CUST04421,24,48165,34936,630,36,Yes
CUST04422,48,66955,116532,625,48,No
CUST04423,35,38438,44074,716,48,No
CUST04424,21,150745,250000,622,12,No
CUST04425,23,122078,100998,585,60,No
CUST04426,34,50268,48223,810,36,No
CUST04427,58,59501,44810,725,36,No
CUST04428,21,92177,49174,669,36,No
CUST04429,58,46797,22084,679,36,No
CUST04430,58,37209,63809,715,24,No
CUST04431,41,74093,131853,758,36,No
CUST04432,49,51796,16555,624,36,No
CUST04433,25,54292,26225,708,36,No
CUST04434,30,34350,31137,639,12,Yes
CUST04435,48,23082,12437,660,24,No
CUST04436,41,55606,45264,693,24,No
CUST04437,27,75133,33817,685,36,No
CUST04438,23,45169,43254,734,60,No
CUST04439,65,95432,64047,726,24,No
CUST04440,40,36425,28974,564,36,No
CUST04441,39,31106,12324,574,36,No
CUST04442,55,48510,44319,652,48,No
CUST04443,24,48176,85467,817,12,No
CUST04444,25,70704,53713,620,24,No
CUST04445,21,35279,56745,661,24,No
CUST04446,24,92542,144084,648,60,No
CUST04447,32,121163,209090,653,36,No
CUST04448,47,49127,72446,693,24,No
CUST04449,62,87741,111639,793,24,No
CUST04450,43,31081,49037,710,24,Yes
CUST04451,45,81115,29789,626,24,Yes
CUST04452,41,80102,77490,850,48,No
CUST04453,44,73742,131508,691,36,No
CUST04454,45,49651,71640,637,36,Yes
CUST04455,65,18000,31342,780,36,No
CUST04456,52,37459,54631,642,36,No
CUST04457,52,37726,60590,802,24,No
CUST04458,25,32195,43306,611,36,No
CUST04459,56,52828,75479,788,48,No
CUST04460,62,41409,43932,693,24,No
CUST04461,62,34500,58049,774,36,No
CUST04462,59,31049,47468,819,60,No
CUST04463,36,36236,56456,592,24,No
CUST04464,53,82822,107102,782,60,No
CUST04465,41,37135,26815,572,12,No
CUST04466,29,39658,12105,599,36,No
CUST04467,26,40711,69220,618,36,No
CUST04468,65,58240,67470,719,36,No
CUST04469,55,61395,43721,685,12,No
CUST04470,59,18000,8661,661,48,No
CUST04471,42,79183,121606,697,60,No
CUST04472,61,95430,147593,733,24,Yes
CUST04473,25,31169,47143,726,60,Yes
CUST04474,62,32281,40347,759,36,No
CUST04475,43,40830,33371,815,60,No
CUST04476,37,35581,25665,676,24,No
CUST04477,32,55301,14559,642,48,No
CUST04478,43,20824,32113,720,12,No
CUST04479,36,30234,11656,590,60,No
CUST04480,23,99949,122704,639,48,No
CUST04481,50,32928,33959,752,36,No
CUST04482,42,87494,93301,678,24,Yes
CUST04483,29,58670,98941,591,60,No
CUST04484,49,22150,6623,563,36,Yes
CUST04485,57,66548,96412,687,36,No
CUST04486,43,47421,15681,765,36,Yes
CUST04487,33,40734,12592,763,60,No
CUST04488,52,55827,51150,689,36,No
CUST04489,43,61905,21528,833,12,No
CUST04490,65,68747,101276,676,60,No
CUST04491,37,84965,90982,677,36,No
CUST04492,60,60080,17724,489,36,No
CUST04493,41,26923,8421,642,24,No
CUST04494,22,40402,48468,742,60,No
CUST04495,57,180000,250000,823,24,No
CUST04496,26,69272,64325,622,36,No
CUST04497,64,145213,161128,734,60,No
CUST04498,38,93688,139570,767,12,No
CUST04499,50,55748,66690,682,60,No
CUST04500,42,57263,34265,510,36,No
CUST04501,53,49184,59032,698,48,No
CUST04502,50,22874,27994,732,36,No
CUST04503,37,50408,69960,609,48,No
CUST04504,63,86213,104521,668,24,No
CUST04505,52,38175,66895,591,12,No
CUST04506,62,60184,33450,489,60,Yes
CUST04507,34,73350,126469,762,12,No
CUST04508,30,33204,36007,676,60,No
CUST04509,56,40810,52707,798,24,No
CUST04510,54,31625,12782,741,36,No
CUST04511,29,34538,29008,650,60,No
CUST04512,62,28011,40407,669,24,No
CUST04513,48,33342,44869,719,60,No
CUST04514,31,94706,29569,761,36,No
CUST04515,34,33117,36337,701,36,No
CUST04516,59,52928,20474,764,48,Yes
CUST04517,39,39874,71517,656,36,No
CUST04518,35,84988,139449,612,36,No
CUST04519,48,90201,25498,683,48,No
CUST04520,44,73763,116612,700,36,No
CUST04521,28,57385,96127,591,24,No
CUST04522,63,45062,35959,579,60,No
CUST04523,29,29244,39925,709,60,No
CUST04524,53,119894,112132,664,36,Yes
CUST04525,53,35523,44958,665,36,No
CUST04526,39,67401,52404,657,48,No
CUST04527,23,80546,60407,800,36,No
CUST04528,30,38945,35357,772,36,No
CUST04529,60,79768,37940,593,60,No
CUST04530,62,70522,108482,644,24,Yes
CUST04531,21,108810,86012,756,36,No
CUST04532,49,40480,35227,723,60,No
CUST04533,54,28033,45856,672,48,No
CUST04534,33,39827,40614,593,60,No
CUST04535,21,54927,60068,630,36,No
CUST04536,54,51327,88928,642,24,No
CUST04537,49,41887,68042,699,60,No
CUST04538,33,21176,10856,802,36,No
CUST04539,49,61790,60769,631,48,No
CUST04540,59,121459,213222,617,24,No
CUST04541,44,61617,50968,674,48,No
CUST04542,46,65768,54320,761,36,No
CUST04543,37,64691,35729,574,24,No
CUST04544,27,59781,25538,791,36,No
CUST04545,33,76041,106265,672,48,No
CUST04546,25,59736,86232,627,12,No
CUST04547,46,43437,76100,559,36,No
CUST04548,23,34947,50631,730,36,No
CUST04549,27,44701,28036,666,24,No
CUST04550,59,57592,17979,694,48,No
CUST04551,21,43371,77089,611,36,No
CUST04552,37,57597,44793,658,24,No
CUST04553,63,60925,44692,646,36,No
CUST04554,45,72745,120337,677,48,No
CUST04555,23,89057,103030,638,60,No
CUST04556,35,51786,30194,565,24,Yes
CUST04557,49,27758,45193,850,36,No
CUST04558,63,42808,76614,576,12,No
CUST04559,52,51001,19602,694,48,No
CUST04560,46,21888,34725,541,36,No
CUST04561,36,93403,79888,539,48,No
CUST04562,45,53308,56630,688,36,No
CUST04563,48,59361,99012,695,60,No
CUST04564,29,92435,162569,783,36,Yes
CUST04565,21,37655,24715,707,60,No
CUST04566,49,64738,37543,672,12,No
CUST04567,42,47588,17836,608,36,No
CUST04568,36,46025,51584,792,48,No
CUST04569,61,35323,9576,747,36,No
CUST04570,64,105799,93996,598,12,No
CUST04571,61,42227,15360,681,60,No
CUST04572,27,68496,60146,695,24,No
CUST04573,34,21505,6707,648,24,No
CUST04574,49,85031,131338,745,36,Yes
CUST04575,39,80280,46169,748,36,No
CUST04576,39,52241,39645,666,48,Yes
CUST04577,22,45146,72169,658,36,No
CUST04578,61,59861,84207,794,36,No
CUST04579,65,140047,82559,768,36,No
CUST04580,35,22614,8174,680,36,No
CUST04581,23,71089,96631,562,60,No
CUST04582,31,33175,28384,702,60,No
CUST04583,50,49554,71230,732,36,No
CUST04584,60,44723,42049,472,12,Yes
CUST04585,38,41235,32423,697,60,Yes
CUST04586,22,49765,47245,649,24,Yes
CUST04587,52,30013,42326,659,24,Yes
CUST04588,28,79452,130972,618,24,No
CUST04589,42,22302,7296,663,24,No
CUST04590,26,63747,67723,787,60,No
CUST04591,32,43167,12989,645,36,No
CUST04592,60,29521,28814,748,60,No
CUST04593,56,54767,88842,620,24,No
CUST04594,35,24814,20111,732,36,No
CUST04595,48,50902,86294,680,60,No
CUST04596,65,26357,32352,702,60,No
CUST04597,38,61534,104481,683,48,No
CUST04598,22,32985,46958,725,24,No
CUST04599,33,40816,16748,486,48,No
CUST04600,65,57071,34715,575,36,No
CUST04601,35,35318,30408,708,36,No
CUST04602,40,48713,25022,526,36,No
CUST04603,49,25300,25733,635,36,No
CUST04604,62,66415,65128,679,48,No
CUST04605,49,110635,191642,630,48,No
CUST04606,23,175654,162002,653,12,No
CUST04607,39,52094,76459,701,36,Yes
CUST04608,23,71287,121898,760,48,No
CUST04609,34,22438,36110,603,24,No
CUST04610,60,98323,56382,647,36,No
CUST04611,24,70904,72240,629,24,No
CUST04612,31,40216,31730,496,36,No
CUST04613,51,87248,75887,698,60,No
CUST04614,63,44590,36084,749,24,No
CUST04615,52,40687,62286,754,36,No
CUST04616,47,61925,58879,617,48,No
CUST04617,50,30985,32898,582,12,No
CUST04618,63,79182,140373,687,60,No
CUST04619,22,31088,10662,738,36,No
CUST04620,29,31171,31368,688,60,Yes
CUST04621,48,33204,48139,698,12,No
CUST04622,51,70372,34081,770,24,No
CUST04623,54,37882,45378,622,36,No
CUST04624,35,27260,16933,659,36,No
CUST04625,45,38072,60705,800,60,No
CUST04626,56,49284,37308,665,12,No
CUST04627,28,29388,22336,581,36,No
CUST04628,29,29778,35055,626,24,No
CUST04629,57,129296,69112,625,60,No
CUST04630,65,33946,23476,704,48,No
CUST04631,59,43235,38729,611,36,No
CUST04632,52,42384,33828,699,24,No
CUST04633,37,41364,43993,623,36,No
CUST04634,55,66130,77997,524,24,No
CUST04635,57,76607,86438,708,24,No
CUST04636,39,43569,55070,690,36,No
CUST04637,64,28663,20838,715,60,No
CUST04638,49,88723,39567,637,60,Yes
CUST04639,27,47900,68461,621,36,No
CUST04640,48,108926,170873,722,36,No
CUST04641,29,18202,11801,788,60,No
CUST04642,48,54596,48099,682,36,No
CUST04643,26,118557,121258,726,36,No
CUST04644,49,42651,45920,654,60,No
CUST04645,37,45175,57472,563,24,No
CUST04646,36,57111,17961,754,12,No
CUST04647,43,38883,53203,746,36,No
CUST04648,51,43449,15036,732,12,No
CUST04649,23,42949,41912,665,36,No
CUST04650,41,37701,57791,722,36,No
CUST04651,46,86922,82522,754,36,No
CUST04652,56,61529,29601,804,60,No
CUST04653,62,55969,99446,755,24,No
CUST04654,57,71943,117151,689,36,No
CUST04655,42,44392,64170,581,24,No
CUST04656,62,35291,31333,689,36,Yes
CUST04657,32,38124,20395,697,48,No
CUST04658,62,50040,85528,733,36,No
CUST04659,33,31043,33376,778,24,Yes
CUST04660,31,39921,62722,671,36,No
CUST04661,36,39637,30927,836,36,No
CUST04662,28,130070,100114,564,24,No
CUST04663,60,18000,31997,705,36,No
CUST04664,60,46118,48832,619,36,No
CUST04665,65,108699,50880,549,60,No
CUST04666,22,52818,31189,665,60,No
CUST04667,50,70180,69970,575,48,No
CUST04668,50,52297,16517,668,60,No
CUST04669,32,37030,35805,680,48,No
CUST04670,30,18232,16397,758,60,Yes
CUST04671,64,54843,79960,568,12,No
CUST04672,31,35269,28221,745,36,Yes
CUST04673,35,34879,61839,684,48,No
CUST04674,36,39944,21178,755,36,No
CUST04675,37,109641,127845,660,24,No
CUST04676,46,147555,57404,600,36,No
CUST04677,22,55134,76498,590,36,No
CUST04678,32,40564,72685,581,24,No
CUST04679,46,29438,44736,712,36,No
CUST04680,43,61736,68610,793,36,No
CUST04681,38,111534,111684,650,60,No
CUST04682,52,44733,69081,726,48,No
CUST04683,58,18000,30614,559,60,No
CUST04684,23,67596,120542,697,60,No
CUST04685,58,77902,67357,736,36,No
CUST04686,23,24493,43743,566,36,Yes
CUST04687,50,54133,26616,666,12,No
CUST04688,21,61257,39388,736,60,No
CUST04689,50,48382,18771,460,12,Yes
CUST04690,65,35029,23511,777,48,No
CUST04691,52,78980,113755,712,36,No
CUST04692,48,41700,65554,732,60,No
CUST04693,41,25628,37347,644,36,No
CUST04694,33,19881,24417,545,60,No
CUST04695,47,88182,92296,728,24,No
CUST04696,56,65991,88988,677,24,No
CUST04697,27,52019,44517,683,36,No
CUST04698,42,41013,63735,760,60,No
CUST04699,30,39408,51216,735,36,No
CUST04700,59,30813,41031,820,60,No
CUST04701,35,41177,44500,690,48,No
CUST04702,35,19259,31240,622,48,No
CUST04703,24,35902,23000,663,36,No
CUST04704,52,43471,36549,710,36,No
CUST04705,43,65790,95747,759,24,No
CUST04706,26,49110,49786,570,60,Yes
CUST04707,44,71503,116427,685,60,No
CUST04708,40,91756,72205,809,48,No
CUST04709,57,80495,66204,668,24,No
CUST04710,40,61791,100567,752,24,No
CUST04711,32,50268,48749,717,60,No
CUST04712,53,32158,33766,748,12,No
CUST04713,48,69756,53418,623,60,No
CUST04714,28,106475,72279,631,36,No
CUST04715,21,58321,73876,683,36,No
CUST04716,57,118485,51630,579,60,No
CUST04717,42,25167,40591,655,12,No
CUST04718,26,29745,43361,695,36,No
CUST04719,41,73469,40089,819,60,No
CUST04720,52,56315,74659,711,48,No
CUST04721,55,90308,106932,735,48,No
CUST04722,35,49653,26615,767,48,No
CUST04723,25,33833,22785,604,12,No
CUST04724,26,45418,40146,667,24,Yes
CUST04725,45,25086,33460,850,36,No
CUST04726,60,30089,37311,670,36,No
CUST04727,49,77449,83255,769,36,No
CUST04728,27,74053,106713,757,48,Yes
CUST04729,60,58873,83882,571,12,No
CUST04730,33,23047,27833,698,48,No
CUST04731,58,42553,62546,690,12,No
CUST04732,38,28811,22130,701,12,No
CUST04733,22,84899,137191,630,36,No
CUST04734,28,38450,46260,594,60,Yes
CUST04735,31,30675,46769,640,24,Yes
CUST04736,53,50675,55577,673,36,No
CUST04737,58,37485,22063,766,48,No
CUST04738,47,97486,106331,826,24,No
CUST04739,40,35922,29644,782,36,No
CUST04740,32,26639,35460,740,60,No
CUST04741,63,18977,18739,598,36,No
CUST04742,51,49312,76235,649,24,No
CUST04743,47,38828,50516,694,36,Yes
CUST04744,52,26285,34461,628,36,No
CUST04745,30,85385,50086,730,12,No
CUST04746,23,67511,119872,738,12,No
CUST04747,65,49369,76749,720,24,No
CUST04748,47,92385,136079,765,24,No
CUST04749,55,67368,51323,616,24,Yes
CUST04750,51,34527,37297,747,36,No
CUST04751,35,31324,14488,624,36,No
CUST04752,36,72249,78364,614,60,No
CUST04753,33,59763,28455,722,36,No
CUST04754,55,53969,59755,772,60,No
CUST04755,31,34161,42890,713,36,No
CUST04756,41,65733,56189,685,12,No
CUST04757,31,35589,36398,700,36,No
CUST04758,50,47757,76758,690,60,No
CUST04759,55,95885,40106,605,24,No
CUST04760,42,37138,54860,584,12,No
CUST04761,58,24635,12679,669,36,No
CUST04762,51,31136,9556,682,36,No
CUST04763,34,78215,42052,686,36,No
CUST04764,44,56073,80511,732,24,No
CUST04765,52,47183,41424,663,24,No
CUST04766,56,39763,63717,720,48,No
CUST04767,52,62205,66142,672,36,No
CUST04768,35,34121,9707,814,36,No
CUST04769,63,57373,78079,688,36,No
CUST04770,55,35980,15143,850,36,Yes
CUST04771,23,33384,49193,703,24,No
CUST04772,36,37530,19161,661,36,No
CUST04773,25,42228,33168,611,12,No
CUST04774,41,48913,69944,572,36,No
CUST04775,30,55589,96117,607,36,No
CUST04776,39,18000,14863,608,24,No
CUST04777,45,34764,53383,707,24,No
CUST04778,24,41922,22878,639,24,No
CUST04779,49,98426,147750,704,12,No
CUST04780,39,30754,39030,772,36,No
CUST04781,63,53800,29523,674,60,No
CUST04782,22,97982,70437,846,36,No
CUST04783,30,27693,12579,587,36,No
CUST04784,63,59699,50362,671,48,No
CUST04785,45,34848,19712,637,36,No
CUST04786,40,39843,49732,748,60,No
CUST04787,39,34835,62406,509,60,No
CUST04788,43,35970,9662,569,48,No
CUST04789,44,170185,185234,696,60,No
CUST04790,31,73115,83291,801,24,No
CUST04791,54,82089,136844,703,36,No
CUST04792,48,62391,64532,581,60,No
CUST04793,25,24269,26520,585,36,No
CUST04794,25,59725,58594,807,60,No
CUST04795,41,81032,54032,640,24,No
CUST04796,32,34056,11472,606,36,No
CUST04797,24,77202,68202,796,60,No
CUST04798,62,68647,22758,760,36,No
CUST04799,40,115059,126940,789,48,No
CUST04800,58,41431,30092,607,12,No
CUST04801,45,30511,32863,562,48,No
CUST04802,34,42491,19468,688,60,No
CUST04803,31,95395,161750,714,36,No
CUST04804,52,21960,35938,702,12,No
CUST04805,31,19713,10734,785,12,No
CUST04806,38,52052,40722,550,60,No
CUST04807,47,40971,49203,743,48,No
CUST04808,38,50174,19985,598,24,No
CUST04809,43,76509,61175,749,12,No
CUST04810,31,38992,24925,642,60,No
CUST04811,41,21524,35925,613,60,No
CUST04812,64,125467,197158,649,24,No
CUST04813,25,31921,36669,568,36,No
CUST04814,43,31046,32801,679,48,No
CUST04815,61,82162,139069,628,36,No
CUST04816,45,42056,71296,737,60,Yes
CUST04817,61,48594,85159,728,36,No
CUST04818,30,62133,27608,809,48,No
CUST04819,42,81421,40618,714,36,No
CUST04820,39,43033,55897,718,60,No
CUST04821,21,99087,107928,795,36,No
CUST04822,27,19123,5328,627,24,Yes
CUST04823,24,70381,24356,572,36,No
CUST04824,21,34269,55739,692,60,No
CUST04825,35,92716,148044,582,36,No
CUST04826,60,53300,42841,850,36,No
CUST04827,32,36937,60249,787,36,No
CUST04828,42,67377,78844,846,24,No
CUST04829,42,74736,112041,690,12,No
CUST04830,37,66745,60906,725,24,No
CUST04831,49,31458,13394,642,36,No
CUST04832,34,40214,37088,744,48,No
CUST04833,40,49908,47853,589,60,No
CUST04834,53,49080,54183,489,60,No
CUST04835,63,70064,28982,625,36,No
CUST04836,35,20193,36078,565,48,No
CUST04837,32,58118,36522,792,12,Yes
CUST04838,60,43883,24476,815,12,No
CUST04839,40,34285,36566,572,24,No
CUST04840,50,35798,38758,774,36,No
CUST04841,58,45399,42299,750,24,No
CUST04842,23,18000,26036,556,24,No
CUST04843,48,36468,38321,648,36,No
CUST04844,46,33714,40289,633,36,No
CUST04845,50,63547,87174,739,36,No
CUST04846,33,34797,10049,585,36,No
CUST04847,33,45387,51491,672,24,No
CUST04848,22,100088,162193,639,12,No
CUST04849,57,78217,21662,721,24,No
CUST04850,58,75042,65889,669,12,Yes
CUST04851,22,39928,67305,638,36,No
CUST04852,56,63840,50905,667,48,No
CUST04853,46,45005,43251,832,36,No
CUST04854,31,45777,81089,648,36,No
CUST04855,28,60122,33605,604,60,No
CUST04856,64,38221,13421,721,24,No
CUST04857,60,97893,154877,679,24,No
CUST04858,63,46524,74258,573,36,No
CUST04859,42,66042,64835,850,36,No
CUST04860,40,96259,100785,663,36,No
CUST04861,28,79541,122931,658,48,No
CUST04862,49,26523,36993,687,12,No
CUST04863,60,61083,40375,812,36,No
CUST04864,46,73321,20250,559,24,No
CUST04865,50,74691,74208,706,48,No
CUST04866,37,30297,47909,833,60,No
CUST04867,40,37202,60957,687,24,No
CUST04868,36,78224,135496,593,12,Yes
CUST04869,63,35489,57255,631,24,No
CUST04870,27,43692,50205,694,24,No
CUST04871,36,101613,95429,790,36,No
CUST04872,65,48936,71007,654,36,Yes
CUST04873,47,36052,50355,739,60,No
CUST04874,43,33686,36520,569,36,Yes
CUST04875,44,58076,22380,573,24,No
CUST04876,29,27443,46253,639,24,No
CUST04877,55,44733,42773,787,24,No
CUST04878,40,58089,47236,687,24,Yes
CUST04879,57,89715,109975,710,48,Yes
CUST04880,62,67520,87401,704,12,Yes
CUST04881,37,36259,20906,760,60,No
CUST04882,51,84971,131472,641,36,No
CUST04883,28,43695,30560,730,36,No
CUST04884,35,28673,15465,613,36,No
CUST04885,51,46275,40718,828,48,No
CUST04886,50,95507,132026,629,36,No
CUST04887,40,53860,94064,615,36,No
CUST04888,59,50283,75645,721,24,No
CUST04889,32,104456,178363,697,60,Yes
CUST04890,37,26256,12286,700,24,No
CUST04891,62,28036,10102,693,36,No
CUST04892,50,24165,26931,593,36,No
CUST04893,49,59129,41388,803,12,No
CUST04894,39,53890,82640,748,24,No
CUST04895,31,100108,129298,792,24,No
CUST04896,54,55790,97891,642,48,No
CUST04897,27,41685,26884,710,36,No
CUST04898,64,50040,50188,695,48,No
CUST04899,54,52720,54139,765,48,No
CUST04900,40,23564,14627,762,24,No
CUST04901,58,169300,197174,718,36,No
CUST04902,44,63179,59205,569,48,No
CUST04903,30,54956,51792,814,36,No
CUST04904,52,65947,53565,725,36,No
CUST04905,35,68804,19006,638,48,Yes
CUST04906,57,46935,49716,710,12,No
CUST04907,40,37636,28966,564,48,No
CUST04908,23,65482,16504,762,24,No
CUST04909,57,59477,43258,572,36,No
CUST04910,60,34729,23681,660,24,No
CUST04911,28,94688,81417,707,60,No
CUST04912,60,57056,25925,759,36,No
CUST04913,64,69439,72002,692,36,No
CUST04914,43,93540,123780,736,48,Yes
CUST04915,60,50495,61947,678,60,No
CUST04916,31,57665,86256,679,48,No
CUST04917,28,71991,68436,691,24,No
CUST04918,49,36083,38053,663,60,No
CUST04919,50,51231,77160,554,36,No
CUST04920,30,52906,48300,623,36,No
CUST04921,59,32518,43492,695,60,No
CUST04922,48,141877,131042,680,24,No
CUST04923,56,26542,23821,664,24,No
CUST04924,33,27879,39820,651,36,No
CUST04925,52,90326,47060,623,48,No
CUST04926,56,68923,53402,647,36,No
CUST04927,57,31511,18827,653,36,No
CUST04928,46,65713,53005,684,36,No
CUST04929,42,96791,58760,719,36,No
CUST04930,24,49324,56628,666,60,No
CUST04931,51,161014,239454,625,24,No
CUST04932,38,23016,33816,570,48,No
CUST04933,58,68323,55682,850,48,No
CUST04934,44,84518,150660,602,36,No
CUST04935,43,74674,87404,646,36,No
CUST04936,42,45607,39636,718,12,No
CUST04937,22,43874,67789,706,48,Yes
CUST04938,51,61062,84345,721,36,No
CUST04939,31,72176,101868,651,36,No
CUST04940,48,65571,36327,701,36,No
CUST04941,52,79842,77918,691,36,No
CUST04942,25,31612,50131,653,48,No
CUST04943,58,45129,46540,697,48,No
CUST04944,30,32754,42887,756,36,No
CUST04945,60,42025,48804,677,48,No
CUST04946,44,78955,122827,685,48,No
CUST04947,55,52490,36274,761,24,No
CUST04948,64,161598,184543,774,12,No
CUST04949,43,54547,24056,800,60,No
CUST04950,37,51361,67788,549,48,No
CUST04951,21,52447,72616,748,36,No
CUST04952,51,37525,11873,723,12,No
CUST04953,51,48715,63207,613,60,No
CUST04954,62,83057,74151,705,36,No
CUST04955,62,52631,23281,759,60,No
CUST04956,54,34987,31518,615,60,No
CUST04957,29,32975,18171,710,60,No
CUST04958,42,40831,36508,744,60,Yes
CUST04959,33,51690,43716,600,12,No
CUST04960,45,85553,119304,676,60,No
CUST04961,38,27352,39661,698,12,Yes
CUST04962,32,43298,51563,619,60,No
CUST04963,60,53355,15215,615,24,No
CUST04964,37,21908,37092,664,36,No
CUST04965,35,34360,45137,737,12,Yes
CUST04966,62,36821,11157,726,48,No
CUST04967,35,34947,53091,612,24,No
CUST04968,35,54509,30548,730,36,No
CUST04969,59,46515,53390,617,60,No
CUST04970,33,38945,37905,557,48,No
CUST04971,37,60619,54603,655,12,No
CUST04972,52,108571,176868,776,36,No
CUST04973,29,104552,97015,740,12,No
CUST04974,60,21047,7720,674,48,No
CUST04975,40,64826,111325,652,60,No
CUST04976,46,46151,77387,650,48,No
CUST04977,47,53616,70284,689,24,No
CUST04978,41,41796,40761,598,36,Yes
CUST04979,38,52717,20767,654,60,No
CUST04980,33,53525,78985,665,24,No
CUST04981,36,38532,14141,576,36,No
CUST04982,29,33403,11903,614,36,Yes
CUST04983,32,40858,44247,709,48,No
CUST04984,64,55559,27679,682,60,No
CUST04985,58,65469,17152,660,36,No
CUST04986,39,73408,66495,616,48,No
CUST04987,27,40030,18521,796,36,No
CUST04988,55,56812,28338,619,24,No
CUST04989,38,77104,28468,704,24,No
CUST04990,36,84482,47977,650,36,No
CUST04991,59,48694,66175,682,24,No
CUST04992,24,45268,68076,713,60,Yes
CUST04993,45,54491,51844,578,12,No
CUST04994,52,29804,30852,675,12,No
CUST04995,60,45828,13777,768,36,No
CUST04996,33,69901,24985,816,24,No
CUST04997,65,66746,43334,674,36,No
CUST04998,37,44274,48393,682,36,No
CUST04999,57,55147,77002,847,48,No
CUST05000,26,34499,40976,762,60,No
